,permno,start,ending
0,10006.0,1957-03-01,1984-07-18
1,10030.0,1957-03-01,1969-01-08
2,10049.0,1925-12-31,1932-10-01
3,10057.0,1957-03-01,1992-07-02
4,10078.0,1992-08-20,2010-01-28
5,10102.0,1957-03-01,1975-02-05
6,10104.0,1989-08-03,2022-03-31
7,10107.0,1994-06-07,2022-03-31
8,10108.0,2002-07-22,2005-08-11
9,10137.0,1925-12-31,1976-06-30
10,10137.0,2000-12-11,2011-02-25
11,10138.0,1999-10-13,2022-03-31
12,10145.0,1925-12-31,2022-03-31
13,10147.0,1996-03-28,2016-09-07
14,10153.0,1925-12-31,1944-06-07
15,10153.0,1957-03-01,1963-03-13
16,10153.0,1977-06-30,1987-07-08
17,10161.0,1957-03-01,1993-11-12
18,10196.0,1944-06-07,1947-02-26
19,10209.0,1957-03-01,1963-10-16
20,10225.0,1925-12-31,2014-04-30
21,10233.0,1925-12-31,1933-03-28
22,10233.0,1957-03-01,1957-07-10
23,10233.0,1957-08-21,1959-03-25
24,10233.0,1969-05-15,1986-01-08
25,10241.0,1925-12-31,1988-12-21
26,10276.0,1957-03-01,1973-02-28
27,10292.0,1957-03-01,1962-09-26
28,10299.0,2000-04-03,2017-03-10
29,10321.0,1957-03-01,1987-08-05
30,10324.0,2001-12-14,2011-04-01
31,10353.0,1999-10-01,2001-05-11
32,10364.0,1925-12-31,1999-10-26
33,10372.0,1925-12-31,1941-08-20
34,10372.0,1947-02-26,1988-04-27
35,10401.0,1957-03-01,2005-11-18
36,10436.0,1957-03-01,1971-06-23
37,10452.0,1925-12-31,1944-06-07
38,10479.0,1925-12-31,1941-08-20
39,10479.0,1957-03-01,1973-02-28
40,10479.0,1978-03-02,1984-02-15
41,10487.0,1957-03-01,1986-05-07
42,10495.0,1925-12-31,1950-06-30
43,10495.0,1957-03-01,1977-01-19
44,10516.0,1957-03-01,1970-04-22
45,10516.0,1981-07-30,2022-03-31
46,10524.0,1925-12-31,1971-01-13
47,10559.0,1957-03-01,1986-10-08
48,10562.0,2004-07-01,2009-01-29
49,10575.0,1925-12-31,1968-08-20
50,10591.0,1925-12-31,1967-06-28
51,10604.0,1957-03-01,2000-04-17
52,10623.0,1987-04-23,1988-04-13
53,10693.0,1997-01-07,2003-03-20
54,10696.0,2001-04-02,2022-03-31
55,10725.0,2000-06-19,2004-08-31
56,10727.0,1957-03-01,1970-06-24
57,10735.0,1957-03-01,1968-01-17
58,10751.0,1957-03-01,1983-02-02
59,10778.0,1957-03-01,1958-09-24
60,10786.0,1925-12-31,2000-12-08
61,10791.0,1994-01-18,2000-06-20
62,10807.0,1925-12-31,1954-04-20
63,10807.0,1957-03-01,1965-10-20
64,10823.0,1928-08-24,1951-09-06
65,10823.0,1957-03-01,1983-11-30
66,10831.0,1925-12-31,1928-08-24
67,10858.0,1925-12-31,1940-04-15
68,10866.0,1957-03-01,1996-07-19
69,10874.0,1973-03-01,2008-06-20
70,10890.0,1925-12-31,1941-08-20
71,10890.0,1954-04-20,2008-11-10
72,10909.0,2010-04-30,2022-03-31
73,10942.0,1999-10-27,2007-01-31
74,10970.0,1950-07-03,1980-02-13
75,10989.0,1957-03-01,2000-10-02
76,11033.0,1961-06-21,1968-05-08
77,11041.0,1925-12-31,1953-06-22
78,11041.0,1964-10-22,1976-06-30
79,11042.0,1996-04-01,2002-05-14
80,11068.0,1957-03-01,1970-08-12
81,11081.0,1996-09-06,2013-10-28
82,11092.0,1957-03-01,1976-03-03
83,11148.0,1939-04-15,1953-06-22
84,11148.0,1958-06-04,1968-07-03
85,11156.0,1925-12-31,1980-11-05
86,11164.0,1957-03-01,1986-12-17
87,11199.0,1925-12-31,1939-04-15
88,11260.0,1928-11-26,1998-11-12
89,11287.0,1925-12-31,1941-08-20
90,11287.0,1957-03-01,1965-01-06
91,11295.0,1957-03-01,1986-01-22
92,11308.0,1957-03-01,2022-03-31
93,11332.0,1967-11-30,1970-04-22
94,11332.0,1985-10-24,1988-06-08
95,11340.0,1925-12-31,2000-11-01
96,11359.0,1957-03-01,1962-02-07
97,11367.0,1954-04-20,1968-08-20
98,11375.0,1957-03-01,1960-02-03
99,11375.0,1963-03-14,1968-07-16
100,11391.0,1957-03-01,1968-01-17
101,11403.0,2017-09-18,2022-03-31
102,11404.0,1925-12-31,2022-03-31
103,11415.0,2006-02-27,2008-12-22
104,11439.0,1957-03-01,1966-09-28
105,11447.0,1957-03-01,1984-10-03
106,11471.0,1957-03-01,1981-10-14
107,11527.0,1957-03-01,1968-09-10
108,11543.0,1957-03-01,1971-08-18
109,11552.0,2006-11-06,2019-11-20
110,11600.0,2008-11-14,2022-03-31
111,11607.0,1957-03-01,2006-03-02
112,11618.0,2008-09-15,2022-03-31
113,11626.0,1993-07-01,1994-09-20
114,11658.0,1957-03-01,1979-02-07
115,11666.0,1925-12-31,1953-06-22
116,11674.0,1925-12-31,2022-03-31
117,11682.0,1925-12-31,1928-11-23
118,11690.0,1957-03-01,1987-08-19
119,11703.0,1957-03-01,2017-08-31
120,11746.0,1963-06-27,1973-11-14
121,11754.0,1925-12-31,2010-12-17
122,11762.0,1957-03-01,2022-03-31
123,11770.0,1957-03-01,1963-06-26
124,11786.0,2018-03-19,2022-03-31
125,11789.0,1931-11-16,1949-07-06
126,11826.0,1925-12-31,1944-06-07
127,11826.0,1957-03-01,1970-06-24
128,11834.0,1944-06-07,1958-06-04
129,11850.0,1925-12-31,2022-03-31
130,11891.0,2017-07-26,2022-03-31
131,11896.0,2000-05-10,2007-09-26
132,11896.0,2018-12-03,2021-08-27
133,11949.0,1957-03-01,1973-05-30
134,11955.0,1998-07-17,2022-03-31
135,11970.0,2000-06-01,2007-02-14
136,11976.0,1998-10-01,2013-09-10
137,11981.0,1957-03-01,1972-09-13
138,11983.0,2000-01-31,2003-11-12
139,11997.0,1993-12-13,2002-11-18
140,12044.0,1957-03-01,1970-06-24
141,12052.0,1957-03-01,2022-03-31
142,12060.0,1925-12-31,1950-06-30
143,12060.0,1957-03-01,2022-03-31
144,12062.0,2004-11-01,2022-03-31
145,12067.0,2000-06-19,2012-06-04
146,12073.0,2008-11-13,2022-03-31
147,12076.0,2015-07-29,2018-03-16
148,12079.0,1925-12-31,2009-06-02
149,12084.0,2021-03-22,2022-03-31
150,12095.0,1957-03-01,1998-10-06
151,12124.0,1957-03-01,1973-08-01
152,12140.0,1957-03-01,2012-07-30
153,12167.0,1957-03-01,1975-12-10
154,12183.0,1925-12-31,1970-03-04
155,12191.0,1957-03-01,1968-01-15
156,12212.0,1957-03-01,1960-12-28
157,12220.0,1957-03-01,1958-06-04
158,12298.0,1940-04-15,1944-06-07
159,12308.0,2016-09-08,2022-03-31
160,12319.0,1957-03-01,2001-12-14
161,12343.0,1957-03-01,1959-05-27
162,12343.0,1964-01-16,1975-08-13
163,12345.0,2012-09-05,2022-03-31
164,12369.0,2013-06-07,2022-03-31
165,12394.0,1925-12-31,1963-03-22
166,12431.0,1957-03-01,2009-06-30
167,12431.0,2010-11-17,2022-03-31
168,12448.0,2019-01-02,2022-03-31
169,12449.0,2018-06-20,2022-03-31
170,12456.0,2011-01-04,2012-05-24
171,12458.0,1957-03-01,1998-06-30
172,12466.0,1957-03-01,1978-08-23
173,12474.0,1925-12-31,1940-04-15
174,12490.0,1957-03-01,2022-03-31
175,12503.0,1925-12-31,2006-12-19
176,12511.0,1957-03-01,1965-01-06
177,12511.0,1975-02-06,2000-10-17
178,12542.0,2013-07-09,2022-03-31
179,12546.0,1925-12-31,2002-07-19
180,12558.0,2012-05-25,2022-03-31
181,12570.0,1925-12-31,1941-08-20
182,12570.0,1957-03-01,2011-10-31
183,12618.0,1957-03-01,1957-07-03
184,12622.0,2015-01-27,2022-03-31
185,12623.0,2018-01-03,2022-03-31
186,12626.0,1957-03-01,1984-11-21
187,12650.0,1958-06-04,1976-06-30
188,12650.0,1999-04-05,2000-07-12
189,12650.0,2013-05-24,2021-12-13
190,12669.0,1957-03-01,1975-10-15
191,12706.0,1925-12-31,1981-06-24
192,12730.0,1950-07-03,1980-09-26
193,12749.0,1925-12-31,1944-06-07
194,12749.0,1957-03-01,2002-01-16
195,12757.0,1957-03-01,1963-12-04
196,12781.0,1957-03-01,1976-06-30
197,12810.0,1925-12-31,1941-08-20
198,12837.0,1957-03-01,1980-08-27
199,12872.0,2011-07-01,2022-03-31
200,12888.0,1941-08-20,1990-12-11
201,12896.0,1957-03-01,1968-12-10
202,12909.0,1925-12-31,1971-06-23
203,12933.0,1925-12-31,1944-06-07
204,12933.0,1984-03-01,1986-06-04
205,12941.0,1957-03-01,1967-05-17
206,12976.0,1957-03-01,1986-07-16
207,12981.0,2016-06-24,2022-03-31
208,13004.0,1957-03-01,1961-02-08
209,13012.0,1957-03-01,1971-12-08
210,13035.0,2011-11-01,2022-03-31
211,13056.0,1989-10-05,2004-04-30
212,13063.0,1957-03-01,1976-06-30
213,13100.0,1944-06-07,2005-08-29
214,13103.0,2012-12-24,2022-03-31
215,13119.0,1960-12-14,2006-03-31
216,13135.0,1957-03-01,1964-01-15
217,13141.0,2012-01-03,2014-03-21
218,13142.0,2013-11-13,2020-05-11
219,13143.0,1933-03-28,1957-03-01
220,13143.0,1961-10-25,1980-06-16
221,13151.0,1957-03-01,1960-06-22
222,13168.0,2011-12-21,2019-12-20
223,13207.0,1945-03-01,1953-06-22
224,13207.0,1957-03-01,1958-06-04
225,13210.0,2021-12-14,2022-03-31
226,13274.0,1957-03-01,1964-01-22
227,13290.0,1957-03-01,1979-05-02
228,13303.0,1957-03-01,1994-01-03
229,13311.0,1925-12-31,1974-05-08
230,13311.0,1977-11-03,1981-07-02
231,13323.0,2021-01-07,2022-03-31
232,13354.0,1957-03-01,1993-09-30
233,13356.0,2012-05-01,2022-03-31
234,13362.0,1925-12-31,1944-06-07
235,13370.0,1957-03-01,1958-12-10
236,13370.0,1959-02-25,1970-04-22
237,13389.0,1957-03-01,1958-04-23
238,13407.0,2013-12-23,2022-03-31
239,13434.0,1925-12-31,1968-01-31
240,13442.0,1925-12-31,1964-10-21
241,13447.0,2019-11-21,2022-03-31
242,13522.0,1925-12-31,1945-02-28
243,13522.0,1958-06-04,1982-06-02
244,13549.0,1925-12-31,1947-07-16
245,13565.0,1925-12-31,1941-08-20
246,13565.0,1957-03-01,1961-08-16
247,13567.0,2012-10-01,2016-05-02
248,13573.0,1925-12-31,1970-03-04
249,13586.0,2012-10-01,2022-03-31
250,13598.0,2012-10-02,2015-07-02
251,13610.0,1957-03-01,1975-02-05
252,13637.0,1957-03-01,1976-01-14
253,13641.0,2018-12-03,2022-03-31
254,13661.0,1957-03-01,1987-03-25
255,13688.0,1925-12-31,2019-01-17
256,13696.0,1925-12-31,1944-06-07
257,13696.0,1957-03-01,1962-10-17
258,13721.0,2013-01-02,2022-03-31
259,13760.0,2017-10-13,2022-03-31
260,13788.0,2013-06-24,2022-03-31
261,13792.0,1925-12-31,1972-09-27
262,13805.0,1957-03-01,1965-06-16
263,13821.0,1925-12-31,1930-01-04
264,13821.0,1940-04-15,2007-02-21
265,13856.0,1957-03-01,2022-03-31
266,13864.0,1941-08-20,1944-06-07
267,13901.0,1957-03-01,2022-03-31
268,13911.0,2017-08-29,2022-03-31
269,13928.0,1957-03-01,2022-03-31
270,13936.0,2013-02-14,2022-03-31
271,13949.0,2019-09-23,2022-03-31
272,13963.0,2013-07-01,2022-03-31
273,13964.0,2015-09-21,2022-03-31
274,13983.0,2016-10-03,2020-09-18
275,14008.0,1992-01-02,2022-03-31
276,14011.0,2014-08-19,2017-07-25
277,14058.0,1925-12-31,1948-07-07
278,14066.0,1925-12-31,1954-04-20
279,14066.0,1957-03-01,1980-11-19
280,14090.0,1925-12-31,1986-06-11
281,14154.0,1925-12-31,1958-06-04
282,14154.0,1968-07-08,1972-09-27
283,14189.0,1957-03-01,1984-07-18
284,14218.0,1925-12-31,1954-04-20
285,14218.0,1957-03-01,1989-02-08
286,14250.0,1925-12-31,1981-09-09
287,14277.0,1957-03-01,1962-01-31
288,14277.0,1965-03-04,2022-03-31
289,14295.0,2018-06-07,2022-03-31
290,14297.0,2013-12-02,2022-03-31
291,14314.0,1957-03-01,1958-06-11
292,14322.0,1925-12-31,2005-03-24
293,14323.0,1984-11-23,2006-09-29
294,14338.0,2017-06-19,2022-03-31
295,14357.0,1957-03-01,1985-06-12
296,14402.0,1963-03-14,1979-02-07
297,14429.0,1957-03-01,1969-03-05
298,14461.0,1970-04-23,1976-12-08
299,14488.0,1957-03-01,1967-07-19
300,14496.0,1925-12-31,1983-12-28
301,14509.0,1925-12-31,1982-06-02
302,14525.0,1957-03-01,1986-09-17
303,14533.0,1925-12-31,1981-07-29
304,14541.0,1925-12-31,2022-03-31
305,14542.0,2014-04-03,2022-03-31
306,14568.0,1925-12-31,1930-02-06
307,14568.0,1931-11-16,1941-08-20
308,14568.0,1944-06-07,1945-02-28
309,14579.0,2020-01-28,2022-03-31
310,14592.0,1957-03-01,1988-02-24
311,14593.0,1982-11-18,2022-03-31
312,14601.0,2014-05-01,2018-06-04
313,14605.0,1925-12-31,1941-08-20
314,14613.0,1957-03-01,1964-04-22
315,14656.0,1969-03-06,2012-10-04
316,14664.0,1957-03-01,1966-06-01
317,14699.0,1958-03-12,1958-04-09
318,14702.0,1995-03-16,2022-03-31
319,14704.0,2017-06-02,2022-03-01
320,14714.0,2018-08-28,2022-03-31
321,14728.0,1960-03-23,1963-06-12
322,14736.0,1925-12-31,2001-10-09
323,14760.0,1957-03-01,1972-09-13
324,14760.0,1974-04-11,1981-10-28
325,14763.0,2020-09-21,2022-03-31
326,14776.0,2015-11-18,2022-03-31
327,14779.0,1957-03-01,1963-01-16
328,14795.0,1925-12-31,1950-06-30
329,14795.0,1964-02-20,2001-08-06
330,14816.0,1957-03-01,1957-08-21
331,14832.0,1957-03-01,1960-10-26
332,14859.0,1925-12-31,1981-06-24
333,14867.0,1957-03-01,1959-05-27
334,14867.0,1965-09-30,1973-05-30
335,14875.0,1941-08-20,1957-03-01
336,14882.0,2021-03-22,2022-03-31
337,14883.0,1957-03-01,1999-04-30
338,14889.0,2016-02-01,2022-03-31
339,14891.0,1957-03-01,2005-08-10
340,14904.0,1925-12-31,1969-07-15
341,14912.0,1925-12-31,1985-09-25
342,14939.0,2018-11-06,2022-03-31
343,14955.0,1925-12-31,1941-08-20
344,15042.0,1929-07-22,1941-08-20
345,15042.0,1957-03-01,1969-02-12
346,15069.0,1925-12-31,2022-03-31
347,15077.0,1987-04-09,2009-01-05
348,15085.0,1957-03-01,1958-04-09
349,15149.0,1957-03-01,1960-12-14
350,15149.0,1963-03-14,1967-08-30
351,15157.0,1957-03-01,1968-08-06
352,15165.0,1957-03-01,1963-12-04
353,15202.0,1999-07-01,2022-03-31
354,15237.0,1957-03-01,1972-01-19
355,15272.0,2021-12-20,2022-03-31
356,15291.0,2020-09-21,2022-03-31
357,15317.0,1958-06-04,1966-12-14
358,15325.0,1925-12-31,1944-06-07
359,15341.0,1925-12-31,1968-06-11
360,15368.0,1950-07-03,2000-05-04
361,15401.0,2015-07-01,2016-06-02
362,15404.0,2015-07-02,2016-07-05
363,15408.0,2015-07-06,2022-03-31
364,15448.0,1957-03-01,1967-05-17
365,15456.0,1925-12-31,1998-12-31
366,15456.0,2016-04-04,2019-08-08
367,15464.0,1957-03-01,1967-11-29
368,15472.0,1957-03-01,2008-10-06
369,15480.0,1957-03-01,1963-10-30
370,15488.0,2015-07-20,2022-03-31
371,15499.0,1957-03-01,1969-05-28
372,15528.0,1957-03-01,1965-06-16
373,15536.0,1957-03-01,1968-01-31
374,15544.0,1957-03-01,1964-01-29
375,15544.0,1968-11-07,1975-08-13
376,15553.0,2011-12-13,2016-06-30
377,15560.0,1973-03-01,2011-06-30
378,15579.0,1959-03-25,2022-03-31
379,15659.0,1925-12-31,2001-02-06
380,15667.0,1957-03-01,2009-10-15
381,15704.0,1925-12-31,1951-09-06
382,15707.0,2015-11-02,2022-03-31
383,15712.0,1982-07-01,1986-12-17
384,15719.0,2015-11-10,2015-11-10
385,15720.0,1925-12-31,2022-03-31
386,15747.0,1972-01-20,1993-07-12
387,15763.0,1957-03-01,1985-10-09
388,15797.0,2015-11-30,2018-04-03
389,15819.0,1957-03-01,1968-09-10
390,15835.0,1957-03-01,1968-07-23
391,15843.0,1957-03-01,1973-05-30
392,15850.0,2021-09-20,2022-03-31
393,15915.0,1957-03-01,1977-05-18
394,15966.0,1957-03-01,1999-11-30
395,15974.0,1957-03-01,1968-09-10
396,15980.0,2016-04-08,2022-03-31
397,16029.0,1968-11-07,1982-11-17
398,16044.0,2016-05-16,2016-05-16
399,16087.0,2016-07-05,2022-03-31
400,16088.0,1982-01-14,1986-05-07
401,16109.0,1925-12-31,1985-11-06
402,16176.0,1925-12-31,1929-08-01
403,16205.0,1957-03-01,1967-10-04
404,16256.0,1957-03-01,1965-12-15
405,16267.0,2016-09-07,2016-09-07
406,16276.0,2016-10-03,2016-10-03
407,16279.0,2016-10-03,2016-10-03
408,16280.0,1967-09-28,1973-11-14
409,16336.0,1973-03-01,1982-10-20
410,16342.0,2016-10-31,2016-10-31
411,16343.0,2016-11-01,2016-11-01
412,16344.0,1957-03-01,1966-06-22
413,16346.0,2016-11-01,2016-11-01
414,16347.0,2016-11-01,2016-11-01
415,16360.0,1977-05-19,1989-01-04
416,16424.0,1960-10-26,2005-09-30
417,16431.0,2016-11-10,2016-11-10
418,16431.0,2018-12-03,2022-03-31
419,16432.0,1925-12-31,2019-02-26
420,16538.0,2017-01-17,2021-02-11
421,16544.0,2017-02-02,2017-02-02
422,16571.0,1957-03-01,1994-12-20
423,16598.0,1957-03-01,1981-06-17
424,16600.0,1957-03-01,2022-03-31
425,16619.0,1957-03-01,1974-05-08
426,16651.0,1957-03-01,1987-12-09
427,16678.0,1957-03-01,2022-03-31
428,16686.0,1957-03-01,1968-07-23
429,16692.0,2020-03-03,2022-03-31
430,16707.0,1941-08-20,1982-09-15
431,16723.0,1957-03-01,1968-11-06
432,16731.0,1957-03-01,1977-11-02
433,16758.0,1957-03-01,1979-01-10
434,16803.0,1957-03-01,1985-05-08
435,16816.0,2017-08-07,2019-04-02
436,16851.0,2017-09-01,2022-03-31
437,16870.0,1957-03-01,1998-06-29
438,16926.0,1957-03-01,1962-01-10
439,16969.0,1957-03-01,1975-10-15
440,17005.0,1957-03-01,2022-03-31
441,17013.0,1957-03-01,1965-11-03
442,17048.0,1957-03-01,1967-07-12
443,17056.0,1957-03-01,1963-01-16
444,17064.0,1957-03-01,1961-04-26
445,17099.0,1957-03-01,1961-06-07
446,17128.0,1932-10-03,1941-08-20
447,17128.0,1957-03-01,1986-05-07
448,17137.0,1982-04-08,1995-10-31
449,17144.0,1957-03-01,1963-03-13
450,17144.0,1969-02-13,2022-03-31
451,17216.0,1957-03-01,1960-07-13
452,17232.0,1941-08-20,1950-06-30
453,17232.0,1957-03-01,1967-07-19
454,17267.0,1967-07-13,1977-05-18
455,17278.0,1983-09-13,1994-09-26
456,17279.0,2008-06-11,2015-06-11
457,17291.0,1957-03-01,1986-11-26
458,17304.0,1957-03-01,1987-01-07
459,17312.0,1957-03-01,1964-09-02
460,17340.0,1980-12-11,1989-02-08
461,17398.0,1957-03-01,1962-04-25
462,17419.0,1941-08-20,1944-06-07
463,17435.0,1970-04-23,1984-04-11
464,17451.0,1957-03-01,1967-06-28
465,17478.0,1957-03-01,2022-03-31
466,17486.0,1957-03-01,1961-08-02
467,17515.0,1957-03-01,1968-05-22
468,17558.0,1957-03-01,1979-07-27
469,17566.0,1957-03-01,1998-11-23
470,17582.0,1957-03-01,1963-08-28
471,17590.0,1957-03-01,1987-08-05
472,17603.0,1957-03-01,1960-10-26
473,17646.0,1957-03-01,1981-06-24
474,17654.0,1957-03-01,1967-09-27
475,17676.0,2018-05-01,2018-05-01
476,17689.0,1957-03-01,1964-01-15
477,17700.0,2021-09-20,2022-03-31
478,17718.0,1957-03-01,1968-04-03
479,17726.0,1957-03-01,2000-12-08
480,17742.0,1957-03-01,1960-02-24
481,17743.0,2019-12-05,2022-03-31
482,17750.0,1957-03-01,2022-03-31
483,17783.0,2018-05-09,2018-05-09
484,17806.0,1957-03-01,2007-03-19
485,17830.0,1957-03-01,2022-03-31
486,17849.0,1944-06-07,1947-02-26
487,17881.0,1957-03-01,1963-01-30
488,17929.0,1929-08-01,1951-09-06
489,17953.0,1957-03-01,1986-04-23
490,17961.0,1968-04-04,2001-04-02
491,18016.0,1957-03-01,2008-11-13
492,18032.0,1957-03-01,1995-12-12
493,18065.0,2018-10-01,2018-10-01
494,18067.0,1957-03-01,1995-11-30
495,18091.0,1957-03-01,1970-04-22
496,18092.0,1990-08-23,2007-07-11
497,18112.0,1957-03-01,2000-01-28
498,18142.0,2018-10-29,2018-10-29
499,18143.0,2018-10-31,2022-03-31
500,18147.0,1957-03-01,1999-04-09
501,18163.0,1957-03-01,2022-03-31
502,18171.0,1957-03-01,1959-04-01
503,18198.0,1941-08-20,1944-06-07
504,18278.0,1957-03-01,1990-12-04
505,18312.0,2021-07-21,2022-03-31
506,18315.0,1957-03-01,1982-09-15
507,18327.0,2019-02-08,2019-02-08
508,18331.0,1958-09-24,1978-05-03
509,18366.0,1957-03-01,1961-09-20
510,18374.0,1958-01-02,1999-12-01
511,18382.0,1950-07-03,2003-04-15
512,18390.0,1961-06-21,1968-11-06
513,18403.0,1957-03-01,2013-11-29
514,18411.0,1944-06-07,2022-03-31
515,18420.0,2019-03-19,2022-03-31
516,18421.0,2019-03-19,2022-03-31
517,18428.0,2019-04-02,2022-03-31
518,18446.0,1957-03-01,1995-05-19
519,18454.0,1957-03-01,1961-08-09
520,18542.0,1941-08-20,1954-04-20
521,18542.0,1957-03-01,2022-03-31
522,18550.0,1957-03-01,1988-05-04
523,18551.0,1991-02-13,1997-01-06
524,18569.0,1957-03-01,1988-05-04
525,18578.0,2019-05-23,2019-05-23
526,18585.0,1957-03-01,1960-12-14
527,18592.0,2019-06-03,2022-03-31
528,18649.0,1957-07-03,1996-01-19
529,18681.0,1957-03-01,1963-03-13
530,18681.0,1964-02-20,2002-12-11
531,18724.0,2019-06-11,2022-03-31
532,18729.0,1957-03-01,2022-03-31
533,18825.0,1957-03-01,1976-01-14
534,18841.0,1957-03-01,1968-04-03
535,18868.0,1944-06-07,1947-02-26
536,18884.0,1957-03-01,1982-06-16
537,18921.0,1957-03-01,2000-05-04
538,18948.0,1957-03-01,1996-12-06
539,18980.0,1957-03-01,1976-06-30
540,18999.0,1957-03-01,1989-12-15
541,19019.0,1944-06-07,1950-06-30
542,19019.0,1957-03-01,1983-09-12
543,19027.0,1944-06-07,1987-02-25
544,19051.0,1979-03-01,1999-07-21
545,19107.0,1957-03-01,1964-02-19
546,19131.0,1941-08-20,1992-02-07
547,19166.0,1964-02-20,2001-12-31
548,19166.0,2009-08-19,2022-03-31
549,19174.0,1957-03-01,1971-08-18
550,19203.0,1941-08-20,1947-02-26
551,19203.0,1957-03-01,1967-04-26
552,19211.0,1957-03-01,1968-11-06
553,19238.0,1957-03-01,1985-04-17
554,19254.0,1957-03-01,1998-09-30
555,19270.0,1957-03-01,1967-04-12
556,19285.0,2020-04-03,2022-03-31
557,19286.0,2020-04-03,2022-03-31
558,19297.0,1957-03-01,1982-06-23
559,19334.0,1957-03-01,1980-10-01
560,19350.0,1957-03-01,2022-03-31
561,19377.0,1957-03-01,1998-06-30
562,19385.0,1944-06-07,1968-09-10
563,19393.0,1957-03-01,2022-03-31
564,19414.0,1967-10-05,1984-02-29
565,19430.0,1957-03-01,1973-05-30
566,19502.0,1979-10-11,2022-03-31
567,19510.0,1957-03-01,1972-09-13
568,19537.0,1925-12-31,1991-09-19
569,19553.0,1957-03-01,1998-12-31
570,19561.0,1957-03-01,2022-03-31
571,19583.0,2008-08-21,2022-03-31
572,19589.0,1991-05-22,1995-08-17
573,19596.0,1941-08-20,1994-07-12
574,19617.0,1957-03-01,1976-06-30
575,19625.0,1957-03-01,1961-06-21
576,19668.0,1957-03-01,1965-01-06
577,19684.0,1957-03-01,1969-08-06
578,19692.0,1957-03-01,2000-11-16
579,19713.0,1957-03-01,1984-08-15
580,19721.0,1989-08-24,1996-08-15
581,19756.0,1957-03-01,1976-01-14
582,19764.0,1957-03-01,1965-11-03
583,19764.0,1966-01-06,1970-03-18
584,19772.0,1957-03-01,1966-05-18
585,19807.0,2020-10-09,2021-03-19
586,19828.0,1957-03-01,1967-11-08
587,19836.0,1957-03-01,1961-06-21
588,19844.0,1957-03-01,1967-05-17
589,19879.0,1957-12-04,1978-07-19
590,19887.0,1957-03-01,1982-10-06
591,19895.0,1957-03-01,2002-01-29
592,19916.0,1957-03-01,2000-12-08
593,19932.0,1957-03-01,1968-08-06
594,19940.0,1957-03-01,1980-04-09
595,19959.0,1957-03-01,1958-04-09
596,19967.0,1957-03-01,1962-10-24
597,20001.0,1957-03-01,1970-11-18
598,20036.0,1957-03-01,1967-02-21
599,20053.0,1997-11-28,2007-12-31
600,20057.0,2020-11-17,2022-03-31
601,20079.0,1957-03-01,1991-05-21
602,20095.0,1957-03-01,1976-12-08
603,20108.0,1957-03-01,1957-06-19
604,20124.0,1957-03-01,2003-03-28
605,20167.0,1957-03-01,1980-01-16
606,20191.0,2020-12-15,2020-12-18
607,20204.0,1957-03-01,2004-12-17
608,20220.0,1976-01-15,2010-03-12
609,20239.0,1957-03-01,1983-11-30
610,20263.0,1957-03-01,1985-05-08
611,20298.0,1957-03-01,1964-05-13
612,20343.0,1968-07-18,1988-04-13
613,20386.0,1957-03-01,1984-05-16
614,20394.0,1973-03-01,1996-09-30
615,20407.0,1957-03-01,1983-08-31
616,20415.0,1961-09-06,1963-09-18
617,20415.0,1969-07-03,1976-06-30
618,20415.0,2007-08-27,2019-09-25
619,20431.0,1957-03-01,1969-07-02
620,20474.0,1966-10-13,1974-05-08
621,20482.0,1957-03-01,2022-03-31
622,20503.0,1957-06-19,1965-09-29
623,20511.0,1957-03-01,1965-01-13
624,20554.0,1957-03-01,1958-04-09
625,20562.0,1957-03-01,1995-03-15
626,20570.0,1957-03-01,1986-05-07
627,20626.0,1954-04-20,2017-08-31
628,20650.0,1957-03-01,1958-03-12
629,20677.0,1957-03-01,1987-09-09
630,20714.0,1957-03-01,1964-02-19
631,20730.0,1957-03-01,1995-11-24
632,20810.0,1957-03-01,1957-12-31
633,20853.0,1941-08-20,2000-10-20
634,20896.0,1957-08-21,1983-07-06
635,20909.0,1958-04-09,1986-10-01
636,20976.0,1957-03-01,1976-06-30
637,20984.0,1957-03-01,1991-01-09
638,20992.0,1958-04-09,1975-02-05
639,21004.0,1957-03-01,2000-06-30
640,21020.0,1944-06-07,2003-03-13
641,21020.0,2015-03-23,2022-03-31
642,21055.0,1957-03-01,1994-09-30
643,21119.0,1957-03-01,1987-05-06
644,21124.0,2021-06-03,2022-03-31
645,21151.0,1957-03-01,1960-12-14
646,21178.0,1957-03-01,1975-12-10
647,21178.0,1984-07-19,2022-03-31
648,21186.0,1957-03-01,2022-03-31
649,21194.0,1958-04-23,1976-06-30
650,21207.0,1969-05-15,2022-03-31
651,21223.0,1958-06-04,1959-12-16
652,21231.0,1957-03-01,1976-06-30
653,21266.0,1958-04-09,1967-07-19
654,21274.0,1967-04-27,1994-04-15
655,21282.0,1973-03-01,1976-06-30
656,21290.0,1957-03-01,1964-01-29
657,21290.0,1987-03-05,1989-06-28
658,21303.0,1957-03-01,1984-07-18
659,21338.0,1964-01-23,1973-11-14
660,21346.0,1957-03-01,1978-10-04
661,21370.0,1945-03-01,1976-06-30
662,21371.0,1997-05-27,2022-03-31
663,21397.0,1970-04-23,2000-06-16
664,21418.0,1957-03-01,1968-09-10
665,21426.0,1957-03-01,1961-12-06
666,21434.0,1957-03-01,1968-09-10
667,21450.0,1981-10-15,1987-07-01
668,21469.0,1958-06-04,1966-12-14
669,21485.0,1976-01-15,1989-07-26
670,21514.0,1957-03-01,1999-10-25
671,21522.0,1957-03-01,1986-10-22
672,21530.0,1957-03-01,1970-04-22
673,21549.0,1957-03-01,1963-09-04
674,21557.0,1957-03-01,1987-06-24
675,21573.0,1925-12-31,2022-03-31
676,21645.0,1957-03-01,1965-02-12
677,21688.0,1957-03-01,1959-02-25
678,21709.0,1961-01-11,1984-10-03
679,21768.0,1957-03-01,1984-06-20
680,21776.0,1944-06-07,2022-03-31
681,21784.0,1957-03-01,1960-04-20
682,21792.0,1985-07-25,2022-03-31
683,21821.0,1957-03-01,2000-01-28
684,21872.0,1957-03-01,1957-08-21
685,21901.0,1957-03-01,1965-01-06
686,21928.0,1966-12-15,1976-06-30
687,21936.0,1957-03-01,2022-03-31
688,21979.0,1957-03-01,2009-09-08
689,21979.0,2011-11-23,2012-11-30
690,21995.0,1957-03-01,1958-06-04
691,21995.0,1978-11-24,1985-07-31
692,22007.0,1957-03-01,1979-05-02
693,22015.0,1957-03-01,1961-02-08
694,22023.0,1957-03-01,1992-07-02
695,22032.0,2004-12-20,2007-09-06
696,22066.0,1986-12-04,2001-11-30
697,22074.0,1957-03-01,1965-06-16
698,22082.0,1957-03-01,1997-06-18
699,22103.0,1965-01-07,2022-03-31
700,22111.0,1973-05-31,2022-03-31
701,22138.0,1970-03-05,1976-06-30
702,22170.0,1957-08-21,1959-03-25
703,22170.0,1987-07-02,1988-06-15
704,22189.0,1970-08-13,1976-06-30
705,22218.0,1958-06-04,1966-12-14
706,22218.0,1968-02-01,1976-06-30
707,22242.0,1957-03-01,1966-05-25
708,22250.0,1979-05-03,1995-05-26
709,22293.0,1957-03-01,2022-03-31
710,22306.0,1957-03-01,1965-10-13
711,22330.0,1957-03-01,1969-03-05
712,22365.0,1963-10-31,1965-03-03
713,22381.0,1957-03-01,1963-09-04
714,22402.0,1953-06-23,1972-02-18
715,22410.0,1958-06-04,1966-12-14
716,22410.0,1967-06-29,1980-11-05
717,22429.0,1957-03-01,1973-05-30
718,22461.0,1957-03-01,1970-04-22
719,22488.0,1957-03-01,1974-04-10
720,22496.0,1957-03-01,1976-06-30
721,22496.0,1999-06-22,2000-11-30
722,22509.0,1957-03-01,2022-03-31
723,22517.0,1995-11-27,2022-03-31
724,22533.0,1960-12-14,1979-07-25
725,22541.0,1957-03-01,1976-06-30
726,22541.0,1995-02-09,2001-11-06
727,22568.0,1969-08-07,1988-10-05
728,22592.0,1957-03-01,2022-03-31
729,22613.0,1966-12-15,1976-06-30
730,22613.0,1998-11-03,2000-08-18
731,22621.0,1957-03-01,1959-07-29
732,22623.0,2022-02-02,2022-03-31
733,22648.0,1957-03-01,1984-02-29
734,22680.0,1954-04-20,2000-06-28
735,22699.0,1957-03-01,1965-06-16
736,22728.0,1957-03-01,1985-11-13
737,22752.0,1957-03-01,2022-03-31
738,22753.0,1987-02-12,1998-04-07
739,22760.0,1957-03-01,1988-07-13
740,22779.0,1957-03-01,2022-03-31
741,22787.0,1957-03-01,1970-03-18
742,22808.0,1957-03-01,1968-01-17
743,22840.0,1981-09-10,2012-06-28
744,22859.0,1947-02-26,1976-06-30
745,22875.0,1957-03-01,1962-02-14
746,22891.0,1957-03-01,1976-12-08
747,22891.0,1982-06-17,1998-08-13
748,22920.0,1963-01-31,1973-02-28
749,22939.0,1968-09-12,1969-05-14
750,22947.0,1947-02-26,1976-06-30
751,22947.0,1994-10-25,2006-03-31
752,23018.0,1957-03-01,1974-10-16
753,23026.0,1957-07-10,2022-03-31
754,23050.0,1957-03-01,1982-06-30
755,23077.0,1957-03-01,2013-06-06
756,23085.0,2009-01-02,2018-12-31
757,23114.0,1989-08-24,2012-06-29
758,23130.0,1953-06-22,1958-06-04
759,23130.0,1959-12-16,1980-12-10
760,23165.0,1957-03-01,1960-03-23
761,23173.0,1957-03-01,1957-12-04
762,23210.0,1947-07-16,1976-06-30
763,23229.0,1947-02-26,1976-06-30
764,23229.0,1999-05-03,2022-03-31
765,23237.0,1957-03-01,1970-12-16
766,23253.0,1962-02-01,1974-10-16
767,23253.0,1982-10-21,1990-08-13
768,23288.0,1963-03-14,1964-07-15
769,23296.0,1957-03-01,1967-05-17
770,23309.0,1970-04-23,2007-10-24
771,23317.0,1951-09-06,2001-11-29
772,23318.0,2000-11-24,2006-04-19
773,23325.0,1957-03-01,1984-11-21
774,23341.0,1957-03-01,1994-09-26
775,23384.0,1957-03-01,1965-03-03
776,23393.0,2015-12-29,2022-03-31
777,23421.0,1950-07-03,1988-05-11
778,23448.0,1957-03-01,1983-05-19
779,23456.0,1957-03-01,1968-01-17
780,23464.0,1957-03-01,1981-12-09
781,23473.0,1997-12-18,2022-03-31
782,23480.0,1968-01-04,1968-07-30
783,23499.0,1957-03-01,1983-11-30
784,23501.0,2007-11-09,2016-03-29
785,23528.0,1957-03-01,1969-03-26
786,23536.0,1958-02-19,1983-11-30
787,23536.0,2008-10-31,2022-03-31
788,23552.0,1963-01-17,1994-04-05
789,23579.0,1963-10-17,1970-04-22
790,23579.0,1978-10-05,2022-03-31
791,23587.0,1953-06-22,1972-09-27
792,23616.0,1960-02-03,1961-09-06
793,23660.0,2001-03-01,2022-03-31
794,23675.0,1953-06-22,1958-06-04
795,23683.0,1957-03-01,1975-06-11
796,23712.0,1948-07-07,2022-03-31
797,23720.0,1957-03-01,1976-06-30
798,23747.0,1957-03-01,1957-08-21
799,23800.0,1965-01-07,1976-12-08
800,23819.0,1957-03-01,2022-03-31
801,23851.0,1957-03-01,2000-06-15
802,23878.0,1961-06-07,1968-04-03
803,23886.0,1957-03-01,1973-05-30
804,23887.0,2001-02-27,2017-03-17
805,23894.0,1957-03-01,1975-12-10
806,23907.0,1957-03-01,1964-02-19
807,23915.0,1964-02-20,2005-12-19
808,23931.0,1949-07-06,2022-03-31
809,23990.0,1982-09-16,2009-04-01
810,24002.0,1957-03-01,1976-06-30
811,24010.0,1957-03-01,2022-03-31
812,24037.0,1957-03-01,1982-01-13
813,24046.0,1997-09-02,2008-07-30
814,24053.0,2018-06-05,2022-03-31
815,24061.0,1951-09-06,1966-12-14
816,24088.0,1957-03-01,1976-06-30
817,24096.0,1957-03-01,1976-06-30
818,24109.0,1951-09-06,2022-03-31
819,24141.0,1957-03-01,1985-05-22
820,24176.0,1957-03-01,1966-10-05
821,24184.0,1957-03-01,2002-01-31
822,24192.0,1976-07-01,1994-10-24
823,24205.0,1976-07-01,2022-03-31
824,24221.0,1930-01-06,1931-11-16
825,24221.0,1957-03-01,2012-03-13
826,24264.0,1957-03-01,2002-07-19
827,24272.0,1989-08-03,2008-11-13
828,24328.0,1957-03-01,1976-06-30
829,24328.0,2008-12-19,2018-11-12
830,24336.0,1957-03-01,1976-03-03
831,24360.0,2000-08-21,2007-08-24
832,24387.0,1960-02-24,1965-06-16
833,24459.0,1957-03-01,2017-02-28
834,24504.0,1957-03-01,1968-07-30
835,24539.0,1957-03-01,2001-08-02
836,24555.0,1957-03-01,1982-10-06
837,24563.0,1957-03-01,2007-10-09
838,24571.0,1957-03-01,1982-12-08
839,24619.0,1957-03-01,1960-12-14
840,24627.0,1954-06-07,1974-09-11
841,24627.0,1978-08-24,1982-12-29
842,24635.0,1957-03-01,1988-11-02
843,24643.0,1957-03-01,2022-03-31
844,24651.0,1968-06-13,1976-06-30
845,24678.0,1957-03-01,2000-06-20
846,24707.0,1957-03-01,1984-04-11
847,24715.0,1984-10-04,1995-03-30
848,24766.0,1985-06-13,2022-03-31
849,24803.0,1957-03-01,2004-12-02
850,24811.0,1957-03-01,2000-09-29
851,24854.0,1957-03-01,1978-04-12
852,24889.0,1962-02-07,1968-01-03
853,24942.0,1957-03-01,2020-04-03
854,24985.0,1966-12-15,1976-06-30
855,24985.0,1991-09-20,2022-03-31
856,24993.0,1957-03-01,1964-02-26
857,25005.0,1957-03-01,1996-09-27
858,25013.0,1957-03-01,2009-11-03
859,25022.0,1987-10-08,1993-12-10
860,25056.0,1957-03-01,1997-08-05
861,25072.0,1957-03-01,1976-06-30
862,25081.0,1995-12-01,2022-03-31
863,25099.0,2007-02-22,2015-06-30
864,25128.0,1957-03-01,1965-01-06
865,25136.0,1957-03-01,1958-02-19
866,25144.0,1966-12-15,1976-06-30
867,25160.0,1985-02-07,1990-03-06
868,25179.0,1958-06-11,1961-01-11
869,25187.0,1957-03-01,1961-10-25
870,25195.0,1957-03-01,1976-09-22
871,25216.0,1979-07-26,1985-04-10
872,25232.0,1957-03-01,2001-08-29
873,25232.0,2010-03-15,2022-03-31
874,25267.0,1957-03-01,2002-07-19
875,25320.0,1957-03-01,2022-03-31
876,25339.0,1960-10-26,1966-01-05
877,25371.0,1957-03-01,1996-03-12
878,25419.0,1959-04-01,2022-03-31
879,25478.0,1964-01-16,1987-08-19
880,25487.0,1995-05-01,2006-07-31
881,25507.0,1984-07-19,1986-07-23
882,25515.0,1963-09-19,1976-01-14
883,25574.0,1960-12-14,1984-02-29
884,25582.0,1957-03-01,1963-03-13
885,25582.0,1980-06-26,1999-11-05
886,25582.0,2008-09-22,2022-03-31
887,25590.0,1972-09-28,1976-06-30
888,25611.0,1957-03-01,1966-10-05
889,25611.0,1984-06-28,1985-12-11
890,25646.0,1957-03-01,1967-07-12
891,25646.0,1988-02-11,1994-09-26
892,25662.0,1957-03-01,1982-09-15
893,25670.0,1959-05-27,1960-12-14
894,25689.0,1957-03-01,1972-09-20
895,25697.0,1957-03-01,1974-10-16
896,25697.0,1977-03-03,1982-03-10
897,25718.0,1963-03-14,1982-04-07
898,25742.0,1960-04-20,1960-12-28
899,25769.0,1984-10-04,2006-08-10
900,25778.0,1987-07-09,2018-11-05
901,25785.0,1957-03-01,2022-03-31
902,25873.0,1965-11-04,1984-10-24
903,25902.0,1965-01-07,1973-05-30
904,25910.0,1960-12-28,1994-06-30
905,25953.0,1985-10-24,2022-03-31
906,25988.0,1967-05-18,1985-11-20
907,26075.0,1966-09-29,2000-11-01
908,26112.0,1968-02-01,2005-08-18
909,26120.0,1963-01-17,1983-03-09
910,26155.0,1966-06-23,1976-03-17
911,26286.0,1976-09-23,1989-08-02
912,26294.0,1959-03-25,1974-10-16
913,26294.0,1978-10-05,1994-03-17
914,26307.0,1979-01-11,1979-12-26
915,26323.0,1959-07-29,1967-05-17
916,26332.0,2001-04-02,2004-02-26
917,26366.0,1958-04-09,1976-05-05
918,26382.0,1980-01-17,2000-12-21
919,26382.0,2008-06-23,2011-06-01
920,26390.0,1979-02-08,1989-07-26
921,26403.0,1976-07-01,2022-03-31
922,26438.0,1964-01-30,2000-12-11
923,26446.0,1959-05-27,1970-10-28
924,26462.0,1970-04-23,1977-03-30
925,26497.0,1976-07-01,1982-09-08
926,26518.0,1986-05-08,2007-10-26
927,26534.0,1971-08-19,1982-12-31
928,26542.0,1978-10-05,1996-12-11
929,26550.0,1976-07-01,1996-03-29
930,26569.0,1969-05-29,1978-12-13
931,26622.0,1963-08-29,1989-05-10
932,26649.0,1968-08-08,1989-08-02
933,26657.0,1958-12-10,2000-08-29
934,26681.0,1980-04-24,1995-11-02
935,26710.0,1995-05-10,2022-03-31
936,26729.0,1965-10-14,1997-07-31
937,26737.0,1962-10-18,1976-06-30
938,26737.0,1997-01-02,1999-09-28
939,26788.0,1966-12-15,1983-10-19
940,26825.0,1961-04-26,2022-03-31
941,26884.0,1986-05-08,1999-03-24
942,26921.0,1960-12-28,1963-03-13
943,26921.0,1968-09-12,1981-02-25
944,27000.0,1965-06-17,1976-06-30
945,27027.0,1960-12-14,1988-11-09
946,27043.0,1966-10-06,1974-10-16
947,27043.0,2007-02-12,2021-04-19
948,27051.0,1967-04-13,1999-04-01
949,27086.0,1967-07-13,1990-12-28
950,27087.0,1991-01-10,1994-09-29
951,27115.0,1965-06-17,1997-07-01
952,27158.0,1960-07-13,1970-04-22
953,27174.0,1965-01-14,1984-10-24
954,27182.0,1961-02-08,1965-06-16
955,27190.0,1972-09-14,1985-11-20
956,27238.0,1968-09-12,1975-12-10
957,27263.0,1990-12-31,1998-04-28
958,27297.0,1965-06-17,1983-08-10
959,27342.0,1965-10-21,1981-08-12
960,27422.0,2009-12-21,2014-04-01
961,27430.0,1990-05-25,2006-07-17
962,27465.0,1961-02-08,1972-09-13
963,27473.0,1960-06-22,1988-02-10
964,27510.0,1961-08-16,1981-09-09
965,27537.0,1960-12-14,1967-07-26
966,27561.0,1925-12-31,1966-12-14
967,27596.0,1968-01-18,1997-11-26
968,27617.0,1961-12-06,1964-02-19
969,27633.0,1982-12-30,2017-06-16
970,27713.0,1974-10-17,2008-11-21
971,27748.0,1971-06-24,1972-09-27
972,27749.0,1982-08-12,1991-10-31
973,27756.0,2006-12-01,2010-06-30
974,27764.0,1989-12-18,1997-10-06
975,27828.0,1974-10-17,2022-03-31
976,27836.0,1961-08-09,1974-05-08
977,27852.0,1967-05-18,1973-02-28
978,27879.0,1967-05-18,1973-02-28
979,27887.0,1972-09-14,2022-03-31
980,27916.0,1961-08-02,1968-05-22
981,27924.0,1968-05-23,1991-11-22
982,27940.0,1966-12-15,1989-04-26
983,27959.0,1976-07-01,2022-03-31
984,27983.0,1963-09-05,2021-03-19
985,27991.0,1999-10-04,2022-03-31
986,28003.0,1961-09-20,1978-04-12
987,28089.0,1968-04-04,1970-04-22
988,28118.0,1962-04-25,2000-06-02
989,28134.0,1962-01-10,1987-04-08
990,28169.0,1976-12-09,1979-07-25
991,28177.0,1965-06-17,1973-05-30
992,28222.0,1985-04-11,2022-03-31
993,28265.0,1965-06-17,1973-05-30
994,28281.0,1957-03-01,1961-12-06
995,28310.0,1961-12-06,2002-07-19
996,28345.0,2005-08-15,2017-07-25
997,28353.0,1963-12-05,2001-12-12
998,28388.0,2005-08-12,2022-03-31
999,28433.0,1981-12-10,1987-03-04
1000,28484.0,1957-03-01,1976-06-30
1001,28484.0,1984-05-17,2022-03-31
1002,28505.0,1967-05-18,1987-02-11
1003,28513.0,1957-03-01,1969-05-14
1004,28548.0,1962-10-25,1987-10-07
1005,28580.0,1963-09-05,1984-06-27
1006,28804.0,2016-05-13,2022-03-31
1007,28847.0,1986-12-18,2002-05-14
1008,28994.0,1968-08-22,1970-06-24
1009,29102.0,2000-10-18,2015-03-20
1010,29196.0,1989-01-05,1997-08-06
1011,29911.0,1966-05-19,1980-11-19
1012,29946.0,1982-10-14,2022-03-31
1013,29962.0,1968-08-01,1970-03-18
1014,29962.0,1983-08-11,1988-04-13
1015,30067.0,1984-08-16,1998-08-27
1016,30330.0,1966-10-06,1996-02-09
1017,30365.0,1977-05-19,1985-01-30
1018,30382.0,1998-07-16,2007-07-06
1019,30681.0,1997-12-24,2022-03-31
1020,30912.0,1988-12-22,1990-10-05
1021,30940.0,2008-10-02,2021-03-19
1022,31536.0,1973-11-15,1998-07-09
1023,31659.0,1976-07-01,1989-04-05
1024,31763.0,1967-07-20,1984-08-08
1025,32141.0,1970-04-23,1978-10-04
1026,32205.0,1987-08-06,1998-07-15
1027,32379.0,1991-11-25,2005-07-01
1028,32475.0,1978-12-14,1993-11-22
1029,32563.0,1989-09-21,1999-06-08
1030,32707.0,1988-02-11,1999-12-30
1031,32707.0,2010-03-01,2020-05-21
1032,32791.0,2005-07-22,2009-02-25
1033,32803.0,2018-06-18,2021-06-03
1034,32870.0,2009-03-04,2022-03-31
1035,32986.0,2019-02-15,2022-03-31
1036,33056.0,1976-07-01,1982-04-07
1037,33312.0,1970-04-23,1989-03-07
1038,33312.0,1997-07-17,1998-12-31
1039,33785.0,1985-09-05,1996-04-22
1040,33814.0,1969-01-09,1997-10-22
1041,33873.0,1968-09-12,1981-02-25
1042,34024.0,1968-11-07,1983-09-07
1043,34032.0,1981-06-18,2022-03-31
1044,34040.0,1966-05-19,1996-09-05
1045,34147.0,1980-11-20,1995-06-30
1046,34550.0,1966-05-26,1970-04-22
1047,34746.0,1996-03-08,2022-03-31
1048,34817.0,1985-04-18,2022-03-31
1049,34833.0,1982-12-09,2022-03-31
1050,34841.0,1987-12-10,1996-08-15
1051,35044.0,1998-08-28,2022-03-31
1052,35051.0,1987-12-31,2015-08-28
1053,35166.0,1975-08-14,1985-10-23
1054,35211.0,1983-03-10,1998-12-30
1055,35238.0,1990-08-14,2000-03-31
1056,35554.0,2004-02-27,2022-03-31
1057,36003.0,2018-10-01,2022-03-31
1058,36127.0,1999-01-04,2001-02-26
1059,36397.0,2002-05-06,2013-06-21
1060,36468.0,1964-05-14,2022-03-31
1061,36469.0,1989-02-09,2008-12-31
1062,36505.0,1979-07-26,1985-09-25
1063,36978.0,1982-10-07,1998-11-17
1064,37065.0,1986-10-09,1987-10-07
1065,37102.0,1985-09-26,1994-06-06
1066,37161.0,2001-10-10,2016-06-30
1067,37284.0,2007-09-27,2018-09-28
1068,37584.0,1998-04-29,2022-03-31
1069,38041.0,1975-08-14,1983-02-02
1070,38093.0,2016-05-31,2022-03-31
1071,38156.0,1975-02-06,2022-03-31
1072,38280.0,1986-07-24,1990-06-07
1073,38324.0,1970-03-19,1982-10-13
1074,38404.0,1962-09-27,1966-05-18
1075,38455.0,1970-06-25,1980-06-25
1076,38551.0,1975-10-16,1989-08-02
1077,38578.0,1974-10-17,2004-08-02
1078,38682.0,1984-07-19,2012-12-11
1079,38703.0,1976-07-01,2022-03-31
1080,38762.0,2000-11-02,2022-03-31
1081,38850.0,1974-05-09,1995-07-28
1082,38885.0,1974-05-09,1979-05-02
1083,38893.0,1985-05-23,2001-01-29
1084,38914.0,1965-01-07,1968-08-20
1085,38914.0,1969-05-22,2001-03-30
1086,38930.0,1970-04-23,1974-06-19
1087,38973.0,1963-03-25,1998-01-29
1088,39087.0,1972-09-28,1983-11-30
1089,39087.0,1989-07-27,2013-07-08
1090,39140.0,1982-10-07,1989-04-26
1091,39263.0,1963-06-13,1973-02-28
1092,39271.0,1968-09-12,1984-12-26
1093,39300.0,1988-05-12,1990-05-24
1094,39335.0,1972-09-28,1983-11-30
1095,39394.0,1982-06-03,1986-12-17
1096,39458.0,1968-09-12,1979-02-07
1097,39490.0,1997-07-28,2022-03-31
1098,39538.0,1972-09-21,1975-03-05
1099,39538.0,1982-03-11,2019-06-06
1100,39626.0,1964-02-27,1980-04-23
1101,39642.0,1972-09-14,2022-03-31
1102,39669.0,1970-04-23,1990-02-07
1103,39765.0,1973-03-01,1996-03-07
1104,39896.0,1969-03-06,1981-12-09
1105,39917.0,1963-12-05,2022-03-31
1106,39992.0,1966-06-02,1982-08-18
1107,40010.0,1964-01-30,1985-09-25
1108,40053.0,1976-01-15,1988-06-08
1109,40061.0,1967-02-23,2007-11-15
1110,40125.0,1981-05-14,2015-11-30
1111,40125.0,2017-04-04,2022-03-31
1112,40141.0,1975-12-11,1986-05-07
1113,40221.0,1975-03-06,1991-05-06
1114,40272.0,1976-03-04,2022-03-31
1115,40301.0,1964-09-03,1987-12-30
1116,40352.0,1973-08-02,1991-02-12
1117,40416.0,1967-05-18,2015-03-20
1118,40432.0,1968-07-18,1971-03-03
1119,40483.0,1964-04-23,2001-01-12
1120,40484.0,1997-10-23,1999-01-12
1121,40539.0,1985-09-26,2022-03-31
1122,40635.0,1965-12-16,1995-01-31
1123,40723.0,1967-07-27,1985-02-06
1124,40758.0,1964-07-16,1968-07-16
1125,40790.0,1965-03-04,1980-10-01
1126,40838.0,1981-09-10,2001-06-27
1127,40854.0,1967-07-20,1985-07-31
1128,41080.0,1965-01-07,2022-03-31
1129,41081.0,1989-06-01,1995-11-30
1130,41160.0,1970-10-29,1977-03-02
1131,41179.0,1990-03-07,1999-07-30
1132,41355.0,1985-11-07,2022-03-31
1133,41427.0,1978-05-11,1989-04-05
1134,41443.0,1994-12-21,2007-11-16
1135,41478.0,1976-05-06,1981-04-01
1136,41486.0,1974-05-09,1988-10-26
1137,41515.0,1965-02-15,1970-04-22
1138,41523.0,1981-05-14,1986-02-12
1139,41662.0,1975-12-11,1986-12-17
1140,41718.0,1976-07-01,1996-03-29
1141,41785.0,1968-05-09,1974-02-20
1142,41929.0,1976-07-01,1996-12-02
1143,41953.0,1965-06-17,1975-02-05
1144,42024.0,1970-04-23,2008-06-20
1145,42075.0,1968-07-25,1975-12-10
1146,42083.0,1971-03-04,2006-11-16
1147,42091.0,1973-05-31,1975-08-13
1148,42104.0,1989-07-20,2000-05-09
1149,42200.0,1985-05-09,2022-03-31
1150,42235.0,1975-08-14,1978-10-25
1151,42323.0,1965-11-04,1973-06-20
1152,42462.0,1986-05-08,1986-08-06
1153,42526.0,1972-09-14,1985-01-30
1154,42534.0,1986-05-08,2016-09-02
1155,42550.0,1987-02-26,1994-03-10
1156,42569.0,1967-08-31,1970-04-22
1157,42585.0,2008-11-06,2022-03-31
1158,42606.0,1968-04-04,1992-07-02
1159,42657.0,1977-01-20,1979-10-10
1160,42753.0,1987-12-31,1990-08-22
1161,42796.0,1968-05-23,2011-01-03
1162,42833.0,1989-03-16,1999-11-29
1163,42877.0,2015-07-01,2022-03-31
1164,42906.0,1997-08-06,2022-03-31
1165,42999.0,1985-12-12,1986-08-20
1166,43094.0,1968-01-18,1969-01-15
1167,43123.0,1978-10-26,2015-07-01
1168,43132.0,1980-10-02,1984-02-29
1169,43203.0,1968-08-08,1979-02-07
1170,43298.0,1987-09-10,1988-05-25
1171,43318.0,1982-09-09,1987-07-08
1172,43342.0,1985-11-14,1995-04-28
1173,43350.0,1982-09-16,2022-03-31
1174,43449.0,1970-06-25,2022-03-31
1175,43502.0,1976-03-18,1981-05-13
1176,43510.0,1972-09-21,1984-09-12
1177,43553.0,1979-05-03,2022-03-31
1178,43609.0,1967-07-20,1979-02-07
1179,43610.0,2001-09-21,2002-07-16
1180,43633.0,1968-08-22,1969-05-21
1181,43772.0,1978-07-20,2014-12-04
1182,43772.0,2019-06-07,2019-06-10
1183,43916.0,1975-10-16,1998-06-11
1184,44062.0,1967-06-29,2000-12-11
1185,44206.0,2009-03-17,2022-03-31
1186,44273.0,1976-01-15,1984-11-21
1187,44329.0,2019-01-18,2022-03-31
1188,44505.0,1968-01-18,1982-08-11
1189,44601.0,1987-12-24,2022-03-31
1190,44644.0,1981-02-26,2022-03-31
1191,44652.0,1979-07-30,1999-06-23
1192,44792.0,1984-11-08,1997-07-25
1193,44951.0,1985-01-31,2012-04-30
1194,45014.0,1971-12-09,1989-12-20
1195,45065.0,1978-04-13,1985-12-11
1196,45081.0,1967-11-09,1982-06-16
1197,45225.0,1968-08-01,1972-09-20
1198,45241.0,2000-11-22,2014-06-30
1199,45277.0,2001-09-04,2014-06-20
1200,45356.0,1989-07-27,2009-03-16
1201,45356.0,2010-08-27,2022-03-31
1202,45428.0,1970-04-23,1986-01-29
1203,45495.0,1985-01-10,2014-08-18
1204,45604.0,1968-01-18,1970-04-22
1205,45604.0,1981-09-10,1989-10-04
1206,45620.0,1968-01-16,1978-03-01
1207,45663.0,1968-07-25,1978-05-10
1208,45671.0,1981-02-26,2006-02-24
1209,45751.0,1987-08-06,2022-03-31
1210,45794.0,2006-10-02,2010-08-26
1211,45911.0,2015-03-12,2022-03-31
1212,45970.0,1982-03-11,1995-12-19
1213,46201.0,1973-11-15,1977-06-29
1214,46228.0,1972-01-20,1989-08-23
1215,46252.0,1968-12-12,1981-09-09
1216,46288.0,1990-09-20,1993-10-13
1217,46295.0,1974-05-09,2000-01-28
1218,46391.0,1972-09-28,1976-06-30
1219,46391.0,1983-10-20,1985-07-24
1220,46447.0,1971-08-19,1983-09-14
1221,46544.0,1987-05-07,1989-09-20
1222,46578.0,1969-01-16,2022-03-31
1223,46594.0,1982-11-11,1997-06-17
1224,46615.0,1982-08-19,1988-07-13
1225,46658.0,1976-07-01,1995-05-09
1226,46674.0,1973-11-15,2022-03-31
1227,46682.0,1968-08-22,1983-12-28
1228,46703.0,1970-06-25,1993-10-11
1229,46703.0,2007-03-20,2022-03-31
1230,46754.0,1979-02-08,1989-10-25
1231,46850.0,1976-07-01,2000-12-13
1232,46877.0,1975-06-12,2018-01-02
1233,46886.0,1997-09-15,2022-03-31
1234,46922.0,1975-12-11,2000-07-26
1235,47028.0,1989-03-02,1995-02-23
1236,47052.0,1972-09-28,1983-11-30
1237,47079.0,1976-07-01,1998-10-07
1238,47159.0,1988-11-10,2004-03-31
1239,47175.0,1989-05-11,2008-03-28
1240,47271.0,1987-12-10,1997-12-23
1241,47300.0,1976-07-01,1993-12-30
1242,47386.0,1969-03-27,1972-09-20
1243,47466.0,1984-11-23,2010-12-17
1244,47482.0,1970-06-25,1971-07-14
1245,47490.0,1984-11-23,2000-12-11
1246,47562.0,1970-03-19,1976-06-30
1247,47626.0,1976-07-01,1994-03-01
1248,47837.0,1988-05-05,1989-08-23
1249,47896.0,1976-07-01,2022-03-31
1250,47941.0,1975-12-11,2017-06-01
1251,47992.0,1986-06-05,1997-12-03
1252,48071.0,1976-07-01,2000-12-29
1253,48119.0,1974-10-17,1976-10-20
1254,48223.0,1976-07-01,1991-12-31
1255,48258.0,1970-12-17,1976-06-30
1256,48267.0,1995-12-13,2014-05-07
1257,48274.0,1989-08-03,2011-12-12
1258,48354.0,1976-07-01,1999-06-03
1259,48397.0,1976-07-01,2001-08-29
1260,48434.0,1972-09-21,1982-08-18
1261,48485.0,1976-07-01,2006-03-31
1262,48486.0,2012-06-05,2022-03-31
1263,48506.0,1979-12-27,2022-03-31
1264,48514.0,1988-02-11,2000-06-28
1265,48549.0,1970-04-23,1985-01-09
1266,48565.0,1974-06-20,1991-04-16
1267,48653.0,1979-02-08,1993-03-05
1268,48653.0,1995-12-01,2022-03-31
1269,48725.0,1969-07-16,2022-03-31
1270,48960.0,1975-12-11,2006-06-27
1271,49015.0,1976-07-01,2022-03-31
1272,49154.0,1976-12-09,2022-03-31
1273,49373.0,1986-11-28,2020-09-18
1274,49429.0,1986-10-02,2008-10-21
1275,49592.0,1970-03-19,1976-06-30
1276,49606.0,1985-08-01,1990-03-02
1277,49656.0,1995-03-31,2022-03-31
1278,49680.0,1973-05-31,1975-08-13
1279,49680.0,1998-11-18,2022-03-31
1280,49744.0,1970-04-23,2001-07-06
1281,49905.0,1984-10-25,2008-12-01
1282,49920.0,1971-07-15,1982-03-03
1283,49955.0,1971-06-24,1978-10-04
1284,50017.0,2007-12-21,2018-06-15
1285,50024.0,1987-04-23,1998-11-02
1286,50032.0,1984-11-23,2006-06-01
1287,50156.0,1986-09-18,1995-07-03
1288,50200.0,1993-10-01,2001-08-31
1289,50227.0,1970-03-05,2010-02-12
1290,50403.0,1973-05-31,1975-08-13
1291,50404.0,1982-06-24,1998-09-14
1292,50534.0,1974-02-21,1980-12-17
1293,50681.0,1973-05-31,1976-06-30
1294,50737.0,1987-03-26,1988-03-02
1295,50876.0,1970-11-19,2022-03-31
1296,50905.0,1989-10-26,1998-03-31
1297,50906.0,1999-08-02,2007-06-29
1298,50956.0,1976-07-01,1998-04-24
1299,51027.0,1973-05-31,1976-06-30
1300,51043.0,1988-08-11,2008-09-10
1301,51263.0,2007-11-16,2009-08-31
1302,51369.0,1999-11-15,2013-12-20
1303,51369.0,2020-09-21,2022-03-31
1304,51377.0,1976-12-09,2011-09-23
1305,51561.0,1979-02-08,1989-03-15
1306,51588.0,1998-01-28,2001-02-28
1307,51596.0,2000-12-12,2007-05-30
1308,51625.0,1986-12-18,2000-03-15
1309,51706.0,2002-02-11,2011-07-05
1310,51772.0,1976-07-01,1999-09-30
1311,51799.0,1971-01-14,1981-05-13
1312,51801.0,1973-05-31,1976-06-30
1313,52038.0,1986-12-18,2022-03-31
1314,52062.0,1984-04-12,1986-12-03
1315,52070.0,1981-06-25,1984-10-24
1316,52090.0,2003-03-21,2022-03-31
1317,52230.0,2000-12-05,2022-03-31
1318,52329.0,2007-10-26,2022-03-31
1319,52337.0,1979-02-08,2016-04-15
1320,52476.0,1997-06-19,2022-03-31
1321,52505.0,1988-06-09,1995-12-29
1322,52564.0,1979-05-03,1985-09-04
1323,52695.0,1981-05-14,2022-03-31
1324,52708.0,2005-10-04,2022-03-31
1325,52821.0,1998-02-23,1999-09-17
1326,52919.0,1982-04-08,2008-12-31
1327,52978.0,1984-09-13,2022-03-31
1328,53065.0,1992-10-30,2022-03-31
1329,53081.0,1976-07-01,1997-06-10
1330,53225.0,2007-12-31,2014-09-19
1331,53401.0,1987-06-25,1996-10-15
1332,53479.0,1988-06-09,2006-09-29
1333,53612.0,1985-11-21,2001-06-29
1334,53613.0,1994-09-27,2022-03-31
1335,53786.0,1975-08-14,1999-07-30
1336,53831.0,1977-03-31,2009-08-18
1337,53858.0,1976-07-01,1995-11-30
1338,53866.0,2001-08-06,2015-07-08
1339,53903.0,1976-07-01,1987-04-22
1340,53938.0,1995-07-05,1999-12-31
1341,54009.0,1972-02-22,1972-09-27
1342,54148.0,1984-04-12,2022-03-31
1343,54181.0,1988-07-14,2010-07-14
1344,54447.0,1986-07-17,1990-09-19
1345,54463.0,1999-06-04,2000-11-03
1346,54615.0,1976-07-01,1982-11-10
1347,54690.0,2000-11-17,2006-04-07
1348,54754.0,1985-09-26,1988-08-10
1349,54827.0,1999-12-01,2013-12-09
1350,55079.0,1990-06-08,1995-12-19
1351,55212.0,1983-02-03,1995-07-12
1352,55351.0,1984-02-16,1987-12-09
1353,55386.0,1975-08-14,1982-03-10
1354,55685.0,1978-04-13,1981-05-13
1355,55976.0,1982-08-19,2022-03-31
1356,56012.0,1976-03-04,1977-11-16
1357,56098.0,1976-07-01,1978-11-22
1358,56186.0,1983-02-03,1984-10-03
1359,56223.0,1974-10-17,2006-11-09
1360,56232.0,1994-09-27,2008-12-31
1361,56266.0,1973-05-31,1998-09-30
1362,56274.0,1983-09-01,2022-03-31
1363,56450.0,1987-04-23,1998-10-01
1364,56485.0,1973-05-31,1987-04-08
1365,56573.0,1986-02-13,2022-03-31
1366,56805.0,1976-07-01,1987-04-22
1367,56864.0,1973-06-21,1976-06-30
1368,56864.0,1982-06-17,1987-12-30
1369,57234.0,1985-12-12,1987-12-23
1370,57250.0,1976-07-01,1984-10-03
1371,57381.0,1981-08-13,1998-07-16
1372,57488.0,1975-02-06,1985-10-23
1373,57568.0,1984-10-04,2022-03-31
1374,57592.0,1981-06-25,1999-10-12
1375,57665.0,1988-11-03,2022-03-31
1376,57779.0,1974-09-12,1975-12-26
1377,57809.0,2022-02-15,2022-03-31
1378,57817.0,1986-08-07,2020-06-19
1379,57904.0,1999-05-28,2022-03-31
1380,58085.0,1981-12-10,1988-02-10
1381,58093.0,1984-10-25,1987-04-22
1382,58094.0,2002-07-17,2006-11-30
1383,58246.0,1998-01-30,2022-03-31
1384,58296.0,1975-02-06,1995-10-20
1385,58318.0,2006-12-20,2008-11-05
1386,58413.0,2016-02-01,2022-03-31
1387,58464.0,1981-10-29,1984-11-07
1388,58472.0,1991-04-17,1994-01-17
1389,58480.0,1985-10-10,1996-12-18
1390,58596.0,1984-08-09,1989-11-30
1391,58640.0,1980-11-20,2002-07-19
1392,58659.0,1975-12-29,1976-06-30
1393,58683.0,1994-07-13,2022-03-31
1394,58819.0,2016-07-01,2022-03-31
1395,58827.0,1976-07-01,1998-09-30
1396,58990.0,1978-05-04,2007-12-13
1397,59010.0,1986-08-21,2022-02-02
1398,59176.0,1976-07-01,2022-03-31
1399,59184.0,1976-07-01,2008-11-18
1400,59192.0,1976-07-01,2016-01-15
1401,59205.0,1977-11-17,1989-03-01
1402,59221.0,1976-07-01,1982-04-07
1403,59248.0,1976-07-01,2022-03-31
1404,59300.0,2016-03-07,2022-03-31
1405,59328.0,1976-12-09,2022-03-31
1406,59345.0,1999-12-02,2001-03-30
1407,59379.0,1976-07-01,2007-06-29
1408,59408.0,1976-07-01,2022-03-31
1409,59416.0,1976-07-01,1985-05-15
1410,59432.0,1976-07-01,1998-01-27
1411,59440.0,1976-07-01,2008-09-22
1412,59459.0,1976-07-01,2022-03-31
1413,59467.0,1976-10-21,1993-06-30
1414,59483.0,1976-07-01,1996-10-31
1415,59707.0,1981-06-25,1991-04-01
1416,59811.0,1981-04-02,1984-05-02
1417,59926.0,1986-06-12,1998-09-25
1418,60046.0,1986-10-23,1997-09-12
1419,60097.0,1986-10-23,2022-03-31
1420,60206.0,1982-09-16,2022-03-31
1421,60337.0,1984-12-27,1989-08-23
1422,60441.0,1997-08-07,2000-05-31
1423,60442.0,1988-04-14,2022-03-31
1424,60506.0,1980-10-02,2022-03-31
1425,60572.0,1980-12-18,1984-11-21
1426,60599.0,1999-03-25,2022-03-31
1427,60628.0,1980-11-06,2022-03-31
1428,60839.0,1988-04-14,1992-04-22
1429,60871.0,1999-10-12,2022-03-31
1430,60900.0,1984-03-01,1988-02-10
1431,60943.0,1999-10-18,2021-12-17
1432,60986.0,1989-04-27,2022-03-31
1433,61065.0,1983-09-08,2005-07-21
1434,61241.0,1984-06-21,2013-09-20
1435,61241.0,2017-03-20,2022-03-31
1436,61284.0,1984-10-04,1998-01-09
1437,61399.0,1984-03-01,2022-03-31
1438,61516.0,2020-06-22,2022-03-31
1439,61583.0,1986-05-08,2000-11-22
1440,61621.0,1998-10-01,2022-03-31
1441,61663.0,1999-09-20,2001-09-20
1442,61735.0,1996-04-23,2022-03-31
1443,61743.0,1986-04-24,2004-12-17
1444,61794.0,1980-06-17,1986-04-02
1445,61815.0,2007-10-08,2020-10-09
1446,61890.0,1980-04-10,1986-10-22
1447,61970.0,1980-09-29,1988-12-07
1448,62092.0,1997-01-02,2022-03-31
1449,62148.0,1980-11-06,2022-03-31
1450,62164.0,1985-05-09,1996-03-27
1451,62252.0,1988-04-14,1998-12-21
1452,62308.0,1989-04-27,2022-03-31
1453,62324.0,1987-08-20,1999-05-27
1454,62498.0,2020-05-22,2022-03-31
1455,62519.0,2007-01-04,2009-12-22
1456,62770.0,1999-03-10,2006-11-03
1457,62834.0,1983-07-07,2006-06-05
1458,63060.0,1982-03-04,2008-09-29
1459,63096.0,1993-10-14,1999-10-01
1460,63108.0,1983-12-29,1989-07-19
1461,63255.0,1981-07-06,1985-09-11
1462,63467.0,2021-09-20,2022-03-31
1463,63765.0,2008-06-06,2017-04-03
1464,63802.0,1986-01-09,1989-05-31
1465,63830.0,2007-06-01,2016-01-29
1466,63845.0,1988-10-06,1997-01-14
1467,64020.0,1985-05-16,1996-12-31
1468,64064.0,1985-09-12,1993-10-21
1469,64186.0,1982-04-08,2022-03-31
1470,64207.0,1984-05-03,1989-09-13
1471,64282.0,1983-09-15,2022-03-31
1472,64311.0,1982-06-03,2022-03-31
1473,64346.0,1988-06-16,1999-08-12
1474,64390.0,1997-08-04,2022-03-31
1475,64451.0,2004-12-20,2007-10-05
1476,64477.0,1985-11-21,1995-03-31
1477,64531.0,1998-08-31,1999-06-30
1478,64565.0,1997-06-18,2008-06-30
1479,64629.0,1983-01-03,2003-08-19
1480,64653.0,2005-08-19,2022-03-31
1481,64856.0,1990-12-12,2001-06-22
1482,64936.0,1983-05-20,2022-03-31
1483,64995.0,1994-03-02,2022-03-31
1484,65066.0,1987-10-08,1998-03-31
1485,65138.0,1988-04-28,2004-06-30
1486,65330.0,2006-04-24,2016-12-01
1487,65402.0,2017-07-26,2022-03-31
1488,65541.0,2016-09-23,2022-03-31
1489,65568.0,1990-03-05,1998-01-16
1490,65787.0,1986-01-30,2007-12-20
1491,65816.0,1980-08-28,1992-08-19
1492,65859.0,1983-12-01,1999-10-08
1493,65875.0,1983-12-01,2022-03-31
1494,65883.0,1983-12-01,2007-01-03
1495,65947.0,2009-01-30,2022-03-31
1496,66018.0,1983-12-01,1997-08-14
1497,66026.0,1983-12-01,1997-03-31
1498,66069.0,1983-12-29,1995-09-21
1499,66093.0,1983-12-01,2022-03-31
1500,66114.0,1986-12-18,2007-12-28
1501,66122.0,1983-12-01,2000-07-05
1502,66157.0,1995-10-23,2022-03-31
1503,66181.0,1988-03-03,2022-03-31
1504,66325.0,1998-07-01,2014-04-30
1505,66384.0,2009-07-01,2022-03-31
1506,66800.0,1980-02-14,2022-03-31
1507,67467.0,1998-01-20,2013-02-13
1508,67571.0,1996-03-13,1998-06-30
1509,67598.0,2008-03-31,2022-03-31
1510,68049.0,1989-09-14,1996-12-31
1511,68144.0,1988-05-05,2019-12-06
1512,68304.0,1998-07-01,2008-05-30
1513,68347.0,1988-02-25,2002-05-03
1514,68523.0,1962-02-14,1966-10-12
1515,68591.0,1989-12-01,2017-01-04
1516,68857.0,2010-12-20,2016-06-23
1517,69024.0,1986-04-03,1989-01-11
1518,69032.0,1995-09-22,2022-03-31
1519,69550.0,2004-04-23,2020-11-16
1520,69607.0,1996-08-16,2000-11-21
1521,69649.0,2017-03-20,2022-03-31
1522,69796.0,2005-07-05,2022-03-31
1523,70033.0,2000-01-31,2020-06-19
1524,70092.0,1989-03-08,2009-12-18
1525,70229.0,1984-10-25,2000-06-07
1526,70308.0,2009-09-09,2016-05-20
1527,70332.0,1997-07-28,2019-08-08
1528,70376.0,1985-01-31,1996-12-31
1529,70500.0,1998-10-08,2016-05-27
1530,70519.0,1988-05-26,2022-03-31
1531,70536.0,1994-09-21,2015-11-18
1532,70578.0,1989-01-12,2022-03-31
1533,71001.0,1989-04-06,1996-05-30
1534,71175.0,1994-03-11,2021-09-17
1535,71298.0,1993-11-15,2002-07-19
1536,71563.0,1997-12-04,2022-03-31
1537,71686.0,1999-03-01,2004-10-29
1538,71765.0,1987-07-09,1997-05-23
1539,71889.0,1988-12-08,1990-08-31
1540,71984.0,1995-05-30,1999-09-30
1541,72726.0,1997-08-15,2022-03-31
1542,73139.0,2000-12-12,2022-03-31
1543,73940.0,2000-12-11,2007-01-09
1544,74617.0,1984-03-01,1997-08-29
1545,75030.0,1985-08-01,1999-03-09
1546,75034.0,1987-04-09,2022-03-31
1547,75100.0,2000-06-21,2021-01-06
1548,75107.0,2018-05-31,2022-03-31
1549,75154.0,1998-12-22,2022-03-31
1550,75175.0,1996-12-03,2009-12-18
1551,75181.0,1987-08-20,2002-07-19
1552,75186.0,1997-06-02,2022-03-31
1553,75224.0,2006-02-01,2017-03-15
1554,75241.0,2008-09-24,2022-03-31
1555,75257.0,1995-07-03,2011-12-20
1556,75333.0,1993-11-23,2006-03-31
1557,75341.0,2017-07-26,2022-03-31
1558,75423.0,1988-10-27,1999-02-26
1559,75489.0,1998-10-07,2017-09-15
1560,75510.0,1997-05-06,2022-03-31
1561,75573.0,1999-06-24,2010-12-17
1562,75577.0,2000-04-18,2015-12-28
1563,75591.0,2019-08-09,2022-03-31
1564,75592.0,2002-01-17,2016-02-19
1565,75607.0,2003-03-31,2022-03-31
1566,75625.0,1995-05-22,2001-08-03
1567,75646.0,1992-02-10,2015-03-20
1568,75647.0,1989-06-29,1999-06-21
1569,75694.0,2021-08-30,2022-03-31
1570,75789.0,1992-01-02,2008-09-10
1571,75819.0,2009-03-04,2022-03-31
1572,75825.0,2000-11-02,2022-03-31
1573,75828.0,2002-07-22,2022-03-31
1574,75857.0,1998-12-31,2007-10-01
1575,75912.0,1997-04-01,2006-12-29
1576,75912.0,2021-04-20,2022-03-31
1577,76070.0,1992-07-06,1997-07-16
1578,76076.0,1993-12-31,2022-03-31
1579,76082.0,2008-06-23,2022-03-31
1580,76090.0,1990-02-08,2008-01-28
1581,76095.0,2016-03-30,2022-03-31
1582,76122.0,1990-12-05,1997-07-25
1583,76129.0,1996-01-02,2000-07-27
1584,76149.0,1998-11-13,2015-01-26
1585,76171.0,1993-09-01,2006-11-17
1586,76185.0,2020-06-22,2022-03-31
1587,76201.0,1999-11-08,2022-02-14
1588,76226.0,1994-09-30,2022-03-31
1589,76230.0,2021-01-21,2022-03-31
1590,76240.0,2002-05-15,2010-04-29
1591,76282.0,2003-02-24,2017-08-07
1592,76285.0,1990-09-04,1991-12-31
1593,76512.0,1995-04-03,1999-12-07
1594,76557.0,1992-04-23,2005-12-30
1595,76563.0,1998-07-10,1999-05-27
1596,76565.0,2001-11-07,2007-03-01
1597,76597.0,1998-09-15,2000-12-11
1598,76605.0,1997-01-02,2022-03-31
1599,76608.0,1991-04-02,1995-02-08
1600,76614.0,2013-05-01,2022-03-31
1601,76619.0,2005-08-30,2013-05-08
1602,76624.0,2001-08-03,2007-06-29
1603,76625.0,2008-11-17,2011-10-14
1604,76638.0,2001-12-17,2009-03-03
1605,76639.0,2008-01-02,2019-09-20
1606,76644.0,1991-05-07,2014-07-01
1607,76656.0,2000-06-16,2007-05-31
1608,76708.0,2009-06-09,2012-09-28
1609,76709.0,2017-01-05,2022-03-31
1610,76712.0,1998-10-02,2022-03-31
1611,76744.0,2013-09-23,2022-03-31
1612,76754.0,1996-02-12,1998-08-28
1613,76757.0,2000-12-11,2008-06-10
1614,76795.0,2019-12-23,2022-03-31
1615,76804.0,1996-07-19,2008-10-30
1616,76841.0,2003-11-13,2022-03-31
1617,76887.0,1999-08-02,2008-12-04
1618,77037.0,2019-12-09,2022-03-31
1619,77063.0,1998-09-28,2007-11-08
1620,77129.0,2006-04-03,2022-03-31
1621,77150.0,2004-08-03,2006-11-09
1622,77157.0,1997-08-01,2000-12-08
1623,77157.0,2009-01-02,2016-12-01
1624,77173.0,2000-12-12,2002-08-20
1625,77178.0,1999-07-22,2022-03-31
1626,77182.0,2011-12-19,2021-09-17
1627,77274.0,2004-07-01,2022-03-31
1628,77281.0,2006-01-03,2017-08-28
1629,77284.0,1998-04-01,2005-08-12
1630,77338.0,2009-12-23,2022-03-31
1631,77357.0,2017-03-16,2022-03-31
1632,77418.0,1999-01-04,2018-06-19
1633,77462.0,1995-12-01,2020-04-03
1634,77481.0,1999-10-26,2012-05-24
1635,77496.0,2013-12-23,2022-03-31
1636,77546.0,1994-09-27,2007-09-24
1637,77605.0,1995-02-24,2022-03-31
1638,77606.0,1998-08-14,2020-09-18
1639,77644.0,1996-04-01,2000-01-05
1640,77649.0,2019-12-23,2022-03-31
1641,77659.0,1999-10-01,2017-07-25
1642,77661.0,2005-07-05,2022-03-31
1643,77668.0,2003-09-26,2018-12-21
1644,77702.0,2000-06-08,2022-03-31
1645,77730.0,2005-08-11,2022-03-31
1646,77768.0,1992-07-06,2018-10-30
1647,77976.0,2008-12-23,2011-02-28
1648,78034.0,2005-10-11,2018-03-16
1649,78083.0,1998-10-02,2004-12-28
1650,78139.0,1999-01-04,2011-12-30
1651,78263.0,1998-10-01,2004-06-30
1652,78788.0,1996-08-16,1997-12-17
1653,78840.0,2006-12-01,2008-08-20
1654,78877.0,2006-03-03,2018-03-16
1655,78916.0,1999-04-12,2020-05-11
1656,78927.0,2007-03-23,2009-03-27
1657,78946.0,1993-07-13,1997-05-30
1658,78968.0,1990-10-08,1997-08-01
1659,78975.0,2000-12-11,2022-03-31
1660,78987.0,2007-09-07,2022-03-31
1661,79041.0,1993-03-08,1993-08-31
1662,79057.0,2002-01-30,2008-07-17
1663,79057.0,2010-07-15,2022-03-31
1664,79089.0,2012-04-04,2016-01-04
1665,79094.0,2001-01-30,2014-11-04
1666,79103.0,2009-03-27,2022-03-31
1667,79108.0,2000-06-21,2007-06-29
1668,79119.0,1994-04-18,1996-07-18
1669,79129.0,2007-07-02,2008-11-12
1670,79129.0,2013-12-10,2018-08-27
1671,79145.0,2014-12-05,2022-03-31
1672,79212.0,2004-12-29,2010-06-25
1673,79237.0,1999-12-31,2008-12-18
1674,79237.0,2013-10-29,2017-07-25
1675,79250.0,1992-07-06,1998-10-01
1676,79265.0,2009-01-02,2021-05-13
1677,79323.0,1995-07-13,2022-03-31
1678,79411.0,2012-10-05,2015-03-11
1679,79545.0,2011-12-19,2022-03-31
1680,79547.0,2001-12-03,2022-03-31
1681,79588.0,2014-03-24,2016-03-04
1682,79637.0,2014-09-22,2022-03-31
1683,79678.0,2015-08-31,2022-03-31
1684,79698.0,2017-04-05,2022-03-31
1685,79718.0,2000-06-29,2006-01-03
1686,79764.0,1993-10-12,1998-05-20
1687,79782.0,2017-03-02,2022-03-31
1688,79785.0,2019-09-26,2022-03-31
1689,79879.0,2000-07-27,2013-12-20
1690,79881.0,2010-02-08,2017-03-17
1691,79906.0,2017-02-28,2022-03-31
1692,79915.0,2010-12-20,2019-02-14
1693,79973.0,1998-04-27,2006-07-31
1694,80055.0,2000-04-03,2005-07-01
1695,80080.0,1994-01-04,2022-03-31
1696,80094.0,1994-04-06,1999-06-29
1697,80100.0,2002-06-26,2022-03-31
1698,80183.0,2016-12-02,2022-03-31
1699,80191.0,2016-07-01,2022-03-31
1700,80204.0,2014-07-02,2022-03-31
1701,80266.0,2000-12-12,2011-01-14
1702,80286.0,2014-01-24,2022-03-31
1703,80303.0,2008-07-01,2011-12-16
1704,80320.0,2018-07-02,2022-03-31
1705,80381.0,2007-01-10,2022-03-31
1706,80399.0,2013-05-09,2019-12-20
1707,80406.0,2003-07-17,2011-06-02
1708,80410.0,1994-03-18,1998-08-10
1709,80411.0,1976-07-01,1979-02-28
1710,80470.0,1999-11-16,2003-09-25
1711,80506.0,1998-06-12,1999-06-24
1712,80515.0,2002-02-01,2003-02-21
1713,80539.0,2018-03-19,2019-10-02
1714,80563.0,2021-03-22,2022-03-31
1715,80599.0,1998-01-12,2008-09-16
1716,80678.0,1996-01-22,1999-11-12
1717,80681.0,2014-04-02,2022-03-31
1718,80694.0,1994-10-03,1997-05-05
1719,80711.0,2003-03-14,2020-12-18
1720,80913.0,2004-04-02,2010-02-05
1721,81045.0,2015-04-07,2022-03-31
1722,81055.0,1998-07-01,2022-03-31
1723,81061.0,1999-01-13,2022-03-31
1724,81126.0,1996-12-19,2006-04-21
1725,81138.0,2002-05-15,2013-06-28
1726,81193.0,1995-02-01,2000-06-12
1727,81262.0,2004-03-25,2007-03-22
1728,81285.0,2002-05-13,2008-06-05
1729,81481.0,2011-12-19,2022-03-31
1730,81540.0,2001-08-30,2022-03-31
1731,81593.0,1997-07-02,2008-09-29
1732,81655.0,1995-05-30,2022-03-31
1733,81677.0,2019-02-27,2022-03-31
1734,81696.0,2017-03-13,2022-03-31
1735,81736.0,2017-07-26,2022-03-31
1736,81774.0,1995-07-31,2022-03-31
1737,81776.0,2007-05-31,2011-12-16
1738,81857.0,2008-01-29,2016-04-01
1739,82196.0,2009-04-02,2015-03-20
1740,82298.0,2009-02-26,2016-09-30
1741,82303.0,2017-06-19,2022-03-31
1742,82307.0,2008-07-31,2022-03-31
1743,82308.0,1996-10-16,2000-07-14
1744,82309.0,1995-11-01,1998-06-12
1745,82515.0,2020-10-07,2022-03-31
1746,82581.0,2015-03-18,2022-03-31
1747,82598.0,1999-06-25,2022-03-31
1748,82618.0,2006-04-20,2016-05-12
1749,82642.0,2006-01-05,2022-03-31
1750,82643.0,1999-08-13,2012-09-28
1751,82647.0,1995-11-03,2000-03-31
1752,82651.0,2002-01-02,2022-03-31
1753,82686.0,1999-12-01,2022-03-31
1754,82705.0,1989-04-06,1992-10-29
1755,82775.0,1995-12-20,2022-03-31
1756,82776.0,1995-12-20,1998-02-20
1757,82959.0,1995-08-18,2002-02-08
1758,83111.0,2012-05-25,2021-07-20
1759,83143.0,2009-01-06,2022-03-31
1760,83332.0,1996-10-01,2006-11-30
1761,83413.0,2000-05-05,2002-05-10
1762,83421.0,2006-04-03,2013-05-23
1763,83435.0,1999-12-08,2017-06-16
1764,83440.0,1998-04-08,2000-12-01
1765,83443.0,2010-02-16,2022-03-31
1766,83462.0,1996-05-31,2004-03-24
1767,83583.0,1999-06-09,2004-11-30
1768,83596.0,1998-08-11,2008-08-26
1769,83597.0,2021-12-20,2022-03-31
1770,83601.0,1988-07-14,2004-12-17
1771,83621.0,2017-06-19,2022-03-31
1772,83630.0,2000-11-06,2001-08-31
1773,83693.0,2000-05-05,2006-01-31
1774,83699.0,2007-10-29,2012-12-21
1775,83862.0,2004-04-01,2020-10-06
1776,83906.0,2008-11-19,2018-11-30
1777,83976.0,2007-03-29,2013-12-20
1778,83981.0,2000-12-01,2005-12-01
1779,83988.0,1996-09-30,1998-03-31
1780,84001.0,2001-02-07,2007-03-28
1781,84020.0,1996-11-01,2010-02-26
1782,84032.0,2005-03-14,2021-09-17
1783,84036.0,2000-03-16,2007-03-30
1784,84129.0,2001-06-25,2022-03-31
1785,84176.0,2005-12-20,2008-06-30
1786,84342.0,2001-06-04,2011-12-16
1787,84372.0,2000-01-03,2007-09-28
1788,84373.0,2002-12-12,2022-03-31
1789,84375.0,1996-12-12,1999-11-04
1790,84381.0,1996-12-09,2022-03-31
1791,84519.0,2001-08-30,2009-12-18
1792,84761.0,2018-03-19,2022-03-31
1793,84767.0,2017-03-20,2022-03-31
1794,84769.0,2008-09-30,2022-03-31
1795,84788.0,2005-11-21,2022-03-31
1796,85032.0,2000-07-06,2011-03-31
1797,85035.0,2015-06-12,2022-03-31
1798,85058.0,2006-04-03,2022-03-31
1799,85072.0,2007-02-02,2022-03-31
1800,85073.0,1997-06-11,2005-09-30
1801,85238.0,2001-10-10,2007-02-09
1802,85257.0,2013-09-23,2022-03-31
1803,85265.0,2015-03-23,2021-03-19
1804,85269.0,2004-04-29,2022-03-31
1805,85271.0,2007-07-09,2009-03-03
1806,85348.0,1997-10-07,2022-03-31
1807,85459.0,2007-03-02,2022-03-31
1808,85516.0,2000-10-23,2005-03-11
1809,85522.0,2001-01-02,2006-05-17
1810,85592.0,2011-06-03,2022-03-31
1811,85593.0,2014-07-01,2019-12-20
1812,85599.0,2000-07-17,2001-06-01
1813,85621.0,2016-09-06,2022-03-31
1814,85631.0,1989-12-21,2022-03-31
1815,85663.0,2014-09-22,2022-03-31
1816,85675.0,2016-12-02,2018-10-10
1817,85753.0,2006-02-01,2022-03-31
1818,85792.0,2009-07-01,2022-03-31
1819,85869.0,1996-07-22,1999-08-06
1820,85908.0,1998-04-01,2000-12-08
1821,85913.0,1998-05-21,2022-03-31
1822,85914.0,1999-06-30,2022-03-31
1823,85926.0,1998-04-01,2022-03-31
1824,85963.0,2000-07-03,2016-01-29
1825,85991.0,2014-11-05,2017-10-12
1826,86021.0,2004-12-01,2019-06-28
1827,86041.0,2000-01-06,2000-10-02
1828,86102.0,2003-04-16,2012-12-31
1829,86111.0,2007-11-19,2022-03-31
1830,86136.0,1998-06-30,2022-03-31
1831,86158.0,2006-11-17,2022-03-31
1832,86176.0,2000-10-03,2010-12-17
1833,86228.0,2008-12-05,2022-03-31
1834,86239.0,1957-03-01,1972-01-19
1835,86305.0,2000-06-13,2009-12-18
1836,86314.0,2001-09-04,2018-09-14
1837,86326.0,1999-09-29,2001-10-09
1838,86339.0,2012-03-14,2022-03-31
1839,86356.0,2002-07-22,2022-03-31
1840,86414.0,1998-11-24,2004-04-22
1841,86496.0,2000-01-31,2002-06-25
1842,86580.0,2001-11-30,2022-03-31
1843,86591.0,1999-05-28,2005-10-10
1844,86725.0,2008-11-24,2014-01-23
1845,86756.0,2001-05-14,2010-02-26
1846,86783.0,2009-11-06,2022-03-31
1847,86799.0,2006-06-28,2016-03-03
1848,86845.0,2006-06-06,2008-03-28
1849,86868.0,2002-07-22,2022-03-31
1850,86946.0,2002-09-04,2017-07-25
1851,86964.0,2010-12-20,2022-03-31
1852,86976.0,1997-01-15,2002-07-24
1853,86979.0,2006-06-02,2022-03-31
1854,86996.0,2017-09-01,2022-03-31
1855,87029.0,1999-08-09,2002-08-30
1856,87055.0,1993-10-22,2022-03-31
1857,87070.0,2007-02-15,2015-11-02
1858,87127.0,1989-08-24,1999-10-15
1859,87137.0,2000-08-30,2022-03-31
1860,87184.0,2009-07-27,2019-07-12
1861,87267.0,2011-04-04,2022-03-31
1862,87292.0,1999-11-05,2010-11-16
1863,87299.0,2007-07-12,2022-03-31
1864,87432.0,2000-06-05,2022-03-31
1865,87445.0,2020-06-22,2022-03-31
1866,87447.0,2002-07-22,2022-03-31
1867,87536.0,2001-06-28,2004-04-28
1868,87541.0,2017-07-26,2022-03-31
1869,87657.0,2011-04-01,2022-03-31
1870,87717.0,2007-10-10,2022-03-31
1871,87800.0,2000-07-28,2002-08-13
1872,87842.0,2000-12-11,2022-03-31
1873,88031.0,2012-06-29,2022-03-31
1874,88281.0,2021-05-14,2022-03-31
1875,88313.0,2000-07-13,2011-11-22
1876,88319.0,2000-06-29,2005-12-30
1877,88352.0,2008-06-02,2022-03-31
1878,88388.0,1998-06-15,2000-06-15
1879,88436.0,2015-01-27,2017-03-01
1880,88446.0,2015-11-19,2022-03-31
1881,88587.0,2000-10-02,2007-10-25
1882,88590.0,2008-12-02,2017-04-04
1883,88601.0,2001-04-03,2003-07-16
1884,88661.0,2004-09-01,2022-03-31
1885,88664.0,2018-11-13,2022-03-31
1886,88668.0,2002-08-14,2018-06-06
1887,88837.0,2012-12-12,2022-03-31
1888,88845.0,2000-12-14,2018-11-30
1889,88853.0,2000-12-22,2019-06-03
1890,88860.0,2017-06-19,2022-03-31
1891,88873.0,2016-04-25,2022-03-31
1892,88991.0,2006-11-20,2014-09-19
1893,89001.0,2001-07-09,2004-10-26
1894,89002.0,2013-12-23,2020-06-19
1895,89003.0,2006-11-10,2022-03-31
1896,89004.0,2009-06-05,2017-01-13
1897,89006.0,2007-04-02,2022-03-31
1898,89014.0,2001-07-02,2018-11-30
1899,89017.0,2016-01-05,2022-03-31
1900,89070.0,2001-08-07,2022-03-31
1901,89071.0,2011-07-06,2022-03-31
1902,89105.0,2011-02-28,2015-10-07
1903,89179.0,2002-07-25,2022-03-31
1904,89195.0,2002-07-22,2022-03-31
1905,89216.0,2016-05-03,2018-06-15
1906,89217.0,2015-07-09,2022-03-31
1907,89258.0,2002-07-22,2022-03-31
1908,89269.0,2016-03-30,2022-03-31
1909,89301.0,2007-12-14,2016-04-22
1910,89392.0,1989-02-09,1999-11-15
1911,89393.0,2010-12-20,2022-03-31
1912,89463.0,2004-10-27,2009-07-24
1913,89495.0,2002-08-21,2004-04-01
1914,89508.0,2010-06-28,2022-03-31
1915,89509.0,2014-06-23,2020-03-02
1916,89525.0,2002-11-19,2022-03-31
1917,89533.0,2008-11-14,2022-03-31
1918,89565.0,2015-09-21,2015-12-11
1919,89617.0,2015-03-23,2022-03-31
1920,89626.0,2006-08-11,2022-03-31
1921,89641.0,2012-07-02,2022-03-31
1922,89757.0,2005-03-28,2012-09-04
1923,89781.0,2022-03-02,2022-03-31
1924,89813.0,2003-08-20,2012-04-03
1925,89866.0,2016-05-23,2022-03-31
1926,89954.0,2006-12-04,2015-07-28
1927,90038.0,2007-04-10,2022-03-31
1928,90071.0,2010-01-29,2022-03-31
1929,90090.0,2021-12-20,2022-03-31
1930,90110.0,2004-05-03,2015-09-02
1931,90162.0,2005-12-02,2015-11-17
1932,90199.0,2006-11-10,2022-03-31
1933,90215.0,2008-09-15,2022-03-31
1934,90248.0,2020-05-12,2022-03-31
1935,90272.0,2018-09-17,2020-01-27
1936,90305.0,2016-01-19,2022-03-31
1937,90319.0,2006-04-03,2022-03-31
1938,90352.0,2000-10-03,2009-12-18
1939,90373.0,2016-05-18,2022-03-31
1940,90386.0,2011-09-26,2022-03-31
1941,90435.0,2004-12-03,2006-12-01
1942,90441.0,2004-12-20,2019-03-19
1943,90442.0,2015-09-21,2019-03-19
1944,90454.0,2019-07-01,2022-03-31
1945,90455.0,2021-02-12,2022-03-31
1946,90505.0,2019-10-03,2022-03-31
1947,90520.0,2018-12-24,2022-03-31
1948,90537.0,2001-01-16,2009-03-26
1949,90537.0,2011-01-18,2015-07-17
1950,90547.0,2011-06-02,2012-10-01
1951,90601.0,2008-10-22,2022-03-31
1952,90609.0,1991-11-01,2011-04-27
1953,90664.0,2020-05-12,2022-03-31
1954,90721.0,1986-01-23,1995-05-26
1955,90805.0,2010-03-01,2022-03-31
1956,90808.0,2007-10-02,2022-03-31
1957,90829.0,2008-08-27,2022-03-31
1958,90880.0,2005-10-03,2022-03-31
1959,90979.0,2014-05-01,2022-03-31
1960,90993.0,2007-09-26,2022-03-31
1961,91041.0,2019-12-23,2022-03-31
1962,91063.0,2006-01-03,2019-12-04
1963,91068.0,2011-04-28,2022-03-31
1964,91103.0,2015-09-03,2022-03-31
1965,91143.0,2007-10-25,2013-11-12
1966,91152.0,2016-06-03,2022-03-31
1967,91207.0,2006-04-10,2016-09-22
1968,91218.0,2006-05-18,2009-06-30
1969,91233.0,2008-07-18,2022-03-31
1970,91380.0,1987-01-08,2006-01-31
1971,91388.0,2006-08-01,2007-04-09
1972,91391.0,2006-07-18,2015-04-06
1973,91392.0,2006-08-01,2018-05-30
1974,91416.0,2015-03-23,2021-12-17
1975,91461.0,2006-10-02,2021-12-17
1976,91547.0,2009-12-21,2013-09-20
1977,91547.0,2019-08-09,2022-03-31
1978,91556.0,2009-12-21,2022-03-31
1979,91611.0,2009-10-16,2017-03-17
1980,91650.0,2007-01-03,2017-02-27
1981,91668.0,2018-03-07,2022-03-31
1982,91849.0,2018-06-18,2022-03-31
1983,91883.0,2009-03-30,2016-05-17
1984,91926.0,2013-09-11,2022-03-31
1985,91937.0,2009-06-30,2013-04-30
1986,91937.0,2019-07-15,2022-03-31
1987,92121.0,2007-07-02,2022-03-31
1988,92156.0,2007-07-02,2009-06-04
1989,92156.0,2011-03-01,2015-01-26
1990,92157.0,2007-07-02,2009-06-25
1991,92157.0,2011-10-17,2022-03-31
1992,92239.0,2016-02-22,2021-01-20
1993,92293.0,2007-10-01,2017-06-16
1994,92322.0,2016-04-18,2022-03-31
1995,92402.0,2018-04-04,2022-03-31
1996,92602.0,2008-03-31,2022-03-31
1997,92611.0,2009-12-21,2022-03-31
1998,92614.0,2016-03-04,2022-03-31
1999,92618.0,2008-10-07,2018-06-29
2000,92655.0,1994-07-01,2022-03-31
2001,92709.0,2008-07-01,2018-03-06
2002,92772.0,2016-05-13,2016-05-13
2003,92778.0,2014-08-07,2022-03-31
2004,92890.0,2009-12-21,2017-06-16
2005,92988.0,2009-09-01,2015-03-17
2006,93002.0,2014-05-08,2022-03-31
2007,93089.0,2015-10-08,2022-03-31
2008,93096.0,2012-12-03,2022-03-31
2009,93132.0,2018-10-11,2022-03-31
2010,93159.0,2012-07-31,2016-03-29
2011,93246.0,2021-03-22,2022-03-31
2012,93422.0,2010-07-01,2015-06-30
2013,93429.0,2017-03-01,2022-03-31
2014,93436.0,2020-12-21,2022-03-31
